dataset,model,d,layers,normalised,conviction_score,intervention,mode,metric,fold,strategy,pct,value
amazon_ratings,GeneralSheaf,5,5,true,last,masking,mean,acc,0,baseline,,0.4742773175239563
amazon_ratings,GeneralSheaf,5,5,true,last,masking,mean,acc,0,high,0.01,0.46709129214286804
amazon_ratings,GeneralSheaf,5,5,true,last,masking,mean,acc,0,high,0.05,0.46545809507369995
amazon_ratings,GeneralSheaf,5,5,true,last,masking,mean,acc,0,high,0.1,0.46594807505607605
amazon_ratings,GeneralSheaf,5,5,true,last,masking,mean,acc,0,high,0.2,0.4634982943534851
amazon_ratings,GeneralSheaf,5,5,true,last,masking,mean,acc,0,high,0.3,0.4581087827682495
amazon_ratings,GeneralSheaf,5,5,true,last,masking,mean,acc,0,low,0.01,0.4742773175239563
amazon_ratings,GeneralSheaf,5,5,true,last,masking,mean,acc,0,low,0.05,0.47395068407058716
amazon_ratings,GeneralSheaf,5,5,true,last,masking,mean,acc,0,low,0.1,0.47460395097732544
amazon_ratings,GeneralSheaf,5,5,true,last,masking,mean,acc,0,low,0.2,0.47558385133743286
amazon_ratings,GeneralSheaf,5,5,true,last,masking,mean,acc,0,low,0.3,0.47395068407058716
amazon_ratings,GeneralSheaf,5,5,true,last,masking,mean,acc,0,deg_high,0.01,0.46872448921203613
amazon_ratings,GeneralSheaf,5,5,true,last,masking,mean,acc,0,deg_high,0.05,0.46856117248535156
amazon_ratings,GeneralSheaf,5,5,true,last,masking,mean,acc,0,deg_high,0.1,0.4651314616203308
amazon_ratings,GeneralSheaf,5,5,true,last,masking,mean,acc,0,deg_high,0.2,0.45745548605918884
amazon_ratings,GeneralSheaf,5,5,true,last,masking,mean,acc,0,deg_high,0.3,0.4545157551765442
amazon_ratings,GeneralSheaf,5,5,true,last,masking,mean,acc,0,deg_low,0.01,0.4752572178840637
amazon_ratings,GeneralSheaf,5,5,true,last,masking,mean,acc,0,deg_low,0.05,0.4775436818599701
amazon_ratings,GeneralSheaf,5,5,true,last,masking,mean,acc,0,deg_low,0.1,0.47574716806411743
amazon_ratings,GeneralSheaf,5,5,true,last,masking,mean,acc,0,deg_low,0.2,0.47395068407058716
amazon_ratings,GeneralSheaf,5,5,true,last,masking,mean,acc,0,deg_low,0.3,0.46758124232292175
amazon_ratings,GeneralSheaf,5,5,true,last,masking,mean,acc,0,deg_matched_high,0.01,0.47411400079727173
amazon_ratings,GeneralSheaf,5,5,true,last,masking,mean,acc,0,deg_matched_high,0.05,0.4726441204547882
amazon_ratings,GeneralSheaf,5,5,true,last,masking,mean,acc,0,deg_matched_high,0.1,0.4693777561187744
amazon_ratings,GeneralSheaf,5,5,true,last,masking,mean,acc,0,deg_matched_high,0.2,0.47019433975219727
amazon_ratings,GeneralSheaf,5,5,true,last,masking,mean,acc,0,deg_matched_high,0.3,0.46692797541618347
amazon_ratings,GeneralSheaf,5,5,true,last,masking,mean,acc,0,deg_matched_low,0.01,0.47460395097732544
amazon_ratings,GeneralSheaf,5,5,true,last,masking,mean,acc,0,deg_matched_low,0.05,0.47395068407058716
amazon_ratings,GeneralSheaf,5,5,true,last,masking,mean,acc,0,deg_matched_low,0.1,0.4711742699146271
amazon_ratings,GeneralSheaf,5,5,true,last,masking,mean,acc,0,deg_matched_low,0.2,0.4711742699146271
amazon_ratings,GeneralSheaf,5,5,true,last,masking,mean,acc,0,deg_matched_low,0.3,0.4634982943534851
amazon_ratings,GeneralSheaf,5,5,true,last,masking,mean,acc,0,conf_high,0.01,0.46872448921203613
amazon_ratings,GeneralSheaf,5,5,true,last,masking,mean,acc,0,conf_high,0.05,0.469541072845459
amazon_ratings,GeneralSheaf,5,5,true,last,masking,mean,acc,0,conf_high,0.1,0.4688878059387207
amazon_ratings,GeneralSheaf,5,5,true,last,masking,mean,acc,0,conf_high,0.2,0.4646415114402771
amazon_ratings,GeneralSheaf,5,5,true,last,masking,mean,acc,0,conf_high,0.3,0.4587620496749878
amazon_ratings,GeneralSheaf,5,5,true,last,masking,mean,acc,0,conf_low,0.01,0.4742773175239563
amazon_ratings,GeneralSheaf,5,5,true,last,masking,mean,acc,0,conf_low,0.05,0.47460395097732544
amazon_ratings,GeneralSheaf,5,5,true,last,masking,mean,acc,0,conf_low,0.1,0.4731340706348419
amazon_ratings,GeneralSheaf,5,5,true,last,masking,mean,acc,0,conf_low,0.2,0.4737873673439026
amazon_ratings,GeneralSheaf,5,5,true,last,masking,mean,acc,0,conf_low,0.3,0.4700310230255127
amazon_ratings,GeneralSheaf,5,5,true,last,masking,mean,acc,0,random,0.01,0.473624050617218
amazon_ratings,GeneralSheaf,5,5,true,last,masking,mean,acc,0,random,0.05,0.4752572178840637
amazon_ratings,GeneralSheaf,5,5,true,last,masking,mean,acc,0,random,0.1,0.46970438957214355
amazon_ratings,GeneralSheaf,5,5,true,last,masking,mean,acc,0,random,0.2,0.4688878059387207
amazon_ratings,GeneralSheaf,5,5,true,last,masking,mean,acc,0,random,0.3,0.4682345390319824
amazon_ratings,GeneralSheaf,5,5,true,last,masking,mean,acc,1,baseline,,0.4571288526058197
amazon_ratings,GeneralSheaf,5,5,true,last,masking,mean,acc,1,high,0.01,0.4533725380897522
amazon_ratings,GeneralSheaf,5,5,true,last,masking,mean,acc,1,high,0.05,0.4474930465221405
amazon_ratings,GeneralSheaf,5,5,true,last,masking,mean,acc,1,high,0.1,0.44504326581954956
amazon_ratings,GeneralSheaf,5,5,true,last,masking,mean,acc,1,high,0.2,0.43916380405426025
amazon_ratings,GeneralSheaf,5,5,true,last,masking,mean,acc,1,high,0.3,0.4352441728115082
amazon_ratings,GeneralSheaf,5,5,true,last,masking,mean,acc,1,low,0.01,0.45696553587913513
amazon_ratings,GeneralSheaf,5,5,true,last,masking,mean,acc,1,low,0.05,0.45582231879234314
amazon_ratings,GeneralSheaf,5,5,true,last,masking,mean,acc,1,low,0.1,0.456638902425766
amazon_ratings,GeneralSheaf,5,5,true,last,masking,mean,acc,1,low,0.2,0.45957863330841064
amazon_ratings,GeneralSheaf,5,5,true,last,masking,mean,acc,1,low,0.3,0.45794546604156494
amazon_ratings,GeneralSheaf,5,5,true,last,masking,mean,acc,1,deg_high,0.01,0.4528825879096985
amazon_ratings,GeneralSheaf,5,5,true,last,masking,mean,acc,1,deg_high,0.05,0.4453699290752411
amazon_ratings,GeneralSheaf,5,5,true,last,masking,mean,acc,1,deg_high,0.1,0.44814634323120117
amazon_ratings,GeneralSheaf,5,5,true,last,masking,mean,acc,1,deg_high,0.2,0.44455331563949585
amazon_ratings,GeneralSheaf,5,5,true,last,masking,mean,acc,1,deg_high,0.3,0.4390004873275757
amazon_ratings,GeneralSheaf,5,5,true,last,masking,mean,acc,1,deg_low,0.01,0.4564755856990814
amazon_ratings,GeneralSheaf,5,5,true,last,masking,mean,acc,1,deg_low,0.05,0.45582231879234314
amazon_ratings,GeneralSheaf,5,5,true,last,masking,mean,acc,1,deg_low,0.1,0.4538624882698059
amazon_ratings,GeneralSheaf,5,5,true,last,masking,mean,acc,1,deg_low,0.2,0.4540258049964905
amazon_ratings,GeneralSheaf,5,5,true,last,masking,mean,acc,1,deg_low,0.3,0.4519026577472687
amazon_ratings,GeneralSheaf,5,5,true,last,masking,mean,acc,1,deg_matched_high,0.01,0.45516902208328247
amazon_ratings,GeneralSheaf,5,5,true,last,masking,mean,acc,1,deg_matched_high,0.05,0.45369917154312134
amazon_ratings,GeneralSheaf,5,5,true,last,masking,mean,acc,1,deg_matched_high,0.1,0.4519026577472687
amazon_ratings,GeneralSheaf,5,5,true,last,masking,mean,acc,1,deg_matched_high,0.2,0.4559856355190277
amazon_ratings,GeneralSheaf,5,5,true,last,masking,mean,acc,1,deg_matched_high,0.3,0.45271924138069153
amazon_ratings,GeneralSheaf,5,5,true,last,masking,mean,acc,1,deg_matched_low,0.01,0.45696553587913513
amazon_ratings,GeneralSheaf,5,5,true,last,masking,mean,acc,1,deg_matched_low,0.05,0.45516902208328247
amazon_ratings,GeneralSheaf,5,5,true,last,masking,mean,acc,1,deg_matched_low,0.1,0.4538624882698059
amazon_ratings,GeneralSheaf,5,5,true,last,masking,mean,acc,1,deg_matched_low,0.2,0.4519026577472687
amazon_ratings,GeneralSheaf,5,5,true,last,masking,mean,acc,1,deg_matched_low,0.3,0.45043280720710754
amazon_ratings,GeneralSheaf,5,5,true,last,masking,mean,acc,1,conf_high,0.01,0.45484238862991333
amazon_ratings,GeneralSheaf,5,5,true,last,masking,mean,acc,1,conf_high,0.05,0.4532092213630676
amazon_ratings,GeneralSheaf,5,5,true,last,masking,mean,acc,1,conf_high,0.1,0.4507594406604767
amazon_ratings,GeneralSheaf,5,5,true,last,masking,mean,acc,1,conf_high,0.2,0.44553324580192566
amazon_ratings,GeneralSheaf,5,5,true,last,masking,mean,acc,1,conf_high,0.3,0.44292014837265015
amazon_ratings,GeneralSheaf,5,5,true,last,masking,mean,acc,1,conf_low,0.01,0.457782119512558
amazon_ratings,GeneralSheaf,5,5,true,last,masking,mean,acc,1,conf_low,0.05,0.4585987329483032
amazon_ratings,GeneralSheaf,5,5,true,last,masking,mean,acc,1,conf_low,0.1,0.45631226897239685
amazon_ratings,GeneralSheaf,5,5,true,last,masking,mean,acc,1,conf_low,0.2,0.45533233880996704
amazon_ratings,GeneralSheaf,5,5,true,last,masking,mean,acc,1,conf_low,0.3,0.4545157551765442
amazon_ratings,GeneralSheaf,5,5,true,last,masking,mean,acc,1,random,0.01,0.4559856355190277
amazon_ratings,GeneralSheaf,5,5,true,last,masking,mean,acc,1,random,0.05,0.455495685338974
amazon_ratings,GeneralSheaf,5,5,true,last,masking,mean,acc,1,random,0.1,0.45696553587913513
amazon_ratings,GeneralSheaf,5,5,true,last,masking,mean,acc,1,random,0.2,0.45043280720710754
amazon_ratings,GeneralSheaf,5,5,true,last,masking,mean,acc,1,random,0.3,0.4519026577472687
amazon_ratings,GeneralSheaf,5,5,true,last,masking,mean,acc,2,baseline,,0.4522292912006378
amazon_ratings,GeneralSheaf,5,5,true,last,masking,mean,acc,2,high,0.01,0.4476563632488251
amazon_ratings,GeneralSheaf,5,5,true,last,masking,mean,acc,2,high,0.05,0.44553324580192566
amazon_ratings,GeneralSheaf,5,5,true,last,masking,mean,acc,2,high,0.1,0.443736732006073
amazon_ratings,GeneralSheaf,5,5,true,last,masking,mean,acc,2,high,0.2,0.4336109757423401
amazon_ratings,GeneralSheaf,5,5,true,last,masking,mean,acc,2,high,0.3,0.43116119503974915
amazon_ratings,GeneralSheaf,5,5,true,last,masking,mean,acc,2,low,0.01,0.45255592465400696
amazon_ratings,GeneralSheaf,5,5,true,last,masking,mean,acc,2,low,0.05,0.4522292912006378
amazon_ratings,GeneralSheaf,5,5,true,last,masking,mean,acc,2,low,0.1,0.45271924138069153
amazon_ratings,GeneralSheaf,5,5,true,last,masking,mean,acc,2,low,0.2,0.4507594406604767
amazon_ratings,GeneralSheaf,5,5,true,last,masking,mean,acc,2,low,0.3,0.4496161937713623
amazon_ratings,GeneralSheaf,5,5,true,last,masking,mean,acc,2,deg_high,0.01,0.44618651270866394
amazon_ratings,GeneralSheaf,5,5,true,last,masking,mean,acc,2,deg_high,0.05,0.44667646288871765
amazon_ratings,GeneralSheaf,5,5,true,last,masking,mean,acc,2,deg_high,0.1,0.4463498294353485
amazon_ratings,GeneralSheaf,5,5,true,last,masking,mean,acc,2,deg_high,0.2,0.4411236345767975
amazon_ratings,GeneralSheaf,5,5,true,last,masking,mean,acc,2,deg_high,0.3,0.43704065680503845
amazon_ratings,GeneralSheaf,5,5,true,last,masking,mean,acc,2,deg_low,0.01,0.45157602429389954
amazon_ratings,GeneralSheaf,5,5,true,last,masking,mean,acc,2,deg_low,0.05,0.4512493908405304
amazon_ratings,GeneralSheaf,5,5,true,last,masking,mean,acc,2,deg_low,0.1,0.44830965995788574
amazon_ratings,GeneralSheaf,5,5,true,last,masking,mean,acc,2,deg_low,0.2,0.44667646288871765
amazon_ratings,GeneralSheaf,5,5,true,last,masking,mean,acc,2,deg_low,0.3,0.4427568316459656
amazon_ratings,GeneralSheaf,5,5,true,last,masking,mean,acc,2,deg_matched_high,0.01,0.4517393410205841
amazon_ratings,GeneralSheaf,5,5,true,last,masking,mean,acc,2,deg_matched_high,0.05,0.4523926079273224
amazon_ratings,GeneralSheaf,5,5,true,last,masking,mean,acc,2,deg_matched_high,0.1,0.4519026577472687
amazon_ratings,GeneralSheaf,5,5,true,last,masking,mean,acc,2,deg_matched_high,0.2,0.45141270756721497
amazon_ratings,GeneralSheaf,5,5,true,last,masking,mean,acc,2,deg_matched_high,0.3,0.4468397796154022
amazon_ratings,GeneralSheaf,5,5,true,last,masking,mean,acc,2,deg_matched_low,0.01,0.4519026577472687
amazon_ratings,GeneralSheaf,5,5,true,last,masking,mean,acc,2,deg_matched_low,0.05,0.4523926079273224
amazon_ratings,GeneralSheaf,5,5,true,last,masking,mean,acc,2,deg_matched_low,0.1,0.44994282722473145
amazon_ratings,GeneralSheaf,5,5,true,last,masking,mean,acc,2,deg_matched_low,0.2,0.4468397796154022
amazon_ratings,GeneralSheaf,5,5,true,last,masking,mean,acc,2,deg_matched_low,0.3,0.4409603178501129
amazon_ratings,GeneralSheaf,5,5,true,last,masking,mean,acc,2,conf_high,0.01,0.4523926079273224
amazon_ratings,GeneralSheaf,5,5,true,last,masking,mean,acc,2,conf_high,0.05,0.4505961239337921
amazon_ratings,GeneralSheaf,5,5,true,last,masking,mean,acc,2,conf_high,0.1,0.4491262435913086
amazon_ratings,GeneralSheaf,5,5,true,last,masking,mean,acc,2,conf_high,0.2,0.4465131461620331
amazon_ratings,GeneralSheaf,5,5,true,last,masking,mean,acc,2,conf_high,0.3,0.44177690148353577
amazon_ratings,GeneralSheaf,5,5,true,last,masking,mean,acc,2,conf_low,0.01,0.4523926079273224
amazon_ratings,GeneralSheaf,5,5,true,last,masking,mean,acc,2,conf_low,0.05,0.4512493908405304
amazon_ratings,GeneralSheaf,5,5,true,last,masking,mean,acc,2,conf_low,0.1,0.44994282722473145
amazon_ratings,GeneralSheaf,5,5,true,last,masking,mean,acc,2,conf_low,0.2,0.44830965995788574
amazon_ratings,GeneralSheaf,5,5,true,last,masking,mean,acc,2,conf_low,0.3,0.44504326581954956
amazon_ratings,GeneralSheaf,5,5,true,last,masking,mean,acc,2,random,0.01,0.4517393410205841
amazon_ratings,GeneralSheaf,5,5,true,last,masking,mean,acc,2,random,0.05,0.4507594406604767
amazon_ratings,GeneralSheaf,5,5,true,last,masking,mean,acc,2,random,0.1,0.4496161937713623
amazon_ratings,GeneralSheaf,5,5,true,last,masking,mean,acc,2,random,0.2,0.44732972979545593
amazon_ratings,GeneralSheaf,5,5,true,last,masking,mean,acc,2,random,0.3,0.4476563632488251
amazon_ratings,GeneralSheaf,5,5,true,last,masking,mean,acc,3,baseline,,0.4608851969242096
amazon_ratings,GeneralSheaf,5,5,true,last,masking,mean,acc,3,high,0.01,0.4517393410205841
amazon_ratings,GeneralSheaf,5,5,true,last,masking,mean,acc,3,high,0.05,0.4484729766845703
amazon_ratings,GeneralSheaf,5,5,true,last,masking,mean,acc,3,high,0.1,0.44504326581954956
amazon_ratings,GeneralSheaf,5,5,true,last,masking,mean,acc,3,high,0.2,0.43867385387420654
amazon_ratings,GeneralSheaf,5,5,true,last,masking,mean,acc,3,high,0.3,0.4378572702407837
amazon_ratings,GeneralSheaf,5,5,true,last,masking,mean,acc,3,low,0.01,0.460721880197525
amazon_ratings,GeneralSheaf,5,5,true,last,masking,mean,acc,3,low,0.05,0.4592519998550415
amazon_ratings,GeneralSheaf,5,5,true,last,masking,mean,acc,3,low,0.1,0.4585987329483032
amazon_ratings,GeneralSheaf,5,5,true,last,masking,mean,acc,3,low,0.2,0.45843541622161865
amazon_ratings,GeneralSheaf,5,5,true,last,masking,mean,acc,3,low,0.3,0.4585987329483032
amazon_ratings,GeneralSheaf,5,5,true,last,masking,mean,acc,3,deg_high,0.01,0.45353585481643677
amazon_ratings,GeneralSheaf,5,5,true,last,masking,mean,acc,3,deg_high,0.05,0.45206597447395325
amazon_ratings,GeneralSheaf,5,5,true,last,masking,mean,acc,3,deg_high,0.1,0.4496161937713623
amazon_ratings,GeneralSheaf,5,5,true,last,masking,mean,acc,3,deg_high,0.2,0.4421035349369049
amazon_ratings,GeneralSheaf,5,5,true,last,masking,mean,acc,3,deg_high,0.3,0.43818390369415283
amazon_ratings,GeneralSheaf,5,5,true,last,masking,mean,acc,3,deg_low,0.01,0.46121183037757874
amazon_ratings,GeneralSheaf,5,5,true,last,masking,mean,acc,3,deg_low,0.05,0.4599052667617798
amazon_ratings,GeneralSheaf,5,5,true,last,masking,mean,acc,3,deg_low,0.1,0.4613751471042633
amazon_ratings,GeneralSheaf,5,5,true,last,masking,mean,acc,3,deg_low,0.2,0.46006858348846436
amazon_ratings,GeneralSheaf,5,5,true,last,masking,mean,acc,3,deg_low,0.3,0.4597419500350952
amazon_ratings,GeneralSheaf,5,5,true,last,masking,mean,acc,3,deg_matched_high,0.01,0.4594153165817261
amazon_ratings,GeneralSheaf,5,5,true,last,masking,mean,acc,3,deg_matched_high,0.05,0.461865097284317
amazon_ratings,GeneralSheaf,5,5,true,last,masking,mean,acc,3,deg_matched_high,0.1,0.4641515612602234
amazon_ratings,GeneralSheaf,5,5,true,last,masking,mean,acc,3,deg_matched_high,0.2,0.45908868312835693
amazon_ratings,GeneralSheaf,5,5,true,last,masking,mean,acc,3,deg_matched_high,0.3,0.45745548605918884
amazon_ratings,GeneralSheaf,5,5,true,last,masking,mean,acc,3,deg_matched_low,0.01,0.46104851365089417
amazon_ratings,GeneralSheaf,5,5,true,last,masking,mean,acc,3,deg_matched_low,0.05,0.4602319002151489
amazon_ratings,GeneralSheaf,5,5,true,last,masking,mean,acc,3,deg_matched_low,0.1,0.460721880197525
amazon_ratings,GeneralSheaf,5,5,true,last,masking,mean,acc,3,deg_matched_low,0.2,0.46006858348846436
amazon_ratings,GeneralSheaf,5,5,true,last,masking,mean,acc,3,deg_matched_low,0.3,0.4550057053565979
amazon_ratings,GeneralSheaf,5,5,true,last,masking,mean,acc,3,conf_high,0.01,0.45696553587913513
amazon_ratings,GeneralSheaf,5,5,true,last,masking,mean,acc,3,conf_high,0.05,0.45353585481643677
amazon_ratings,GeneralSheaf,5,5,true,last,masking,mean,acc,3,conf_high,0.1,0.45043280720710754
amazon_ratings,GeneralSheaf,5,5,true,last,masking,mean,acc,3,conf_high,0.2,0.44177690148353577
amazon_ratings,GeneralSheaf,5,5,true,last,masking,mean,acc,3,conf_high,0.3,0.4390004873275757
amazon_ratings,GeneralSheaf,5,5,true,last,masking,mean,acc,3,conf_low,0.01,0.4592519998550415
amazon_ratings,GeneralSheaf,5,5,true,last,masking,mean,acc,3,conf_low,0.05,0.4592519998550415
amazon_ratings,GeneralSheaf,5,5,true,last,masking,mean,acc,3,conf_low,0.1,0.4597419500350952
amazon_ratings,GeneralSheaf,5,5,true,last,masking,mean,acc,3,conf_low,0.2,0.4615384638309479
amazon_ratings,GeneralSheaf,5,5,true,last,masking,mean,acc,3,conf_low,0.3,0.4602319002151489
amazon_ratings,GeneralSheaf,5,5,true,last,masking,mean,acc,3,random,0.01,0.46055856347084045
amazon_ratings,GeneralSheaf,5,5,true,last,masking,mean,acc,3,random,0.05,0.460721880197525
amazon_ratings,GeneralSheaf,5,5,true,last,masking,mean,acc,3,random,0.1,0.46055856347084045
amazon_ratings,GeneralSheaf,5,5,true,last,masking,mean,acc,3,random,0.2,0.45631226897239685
amazon_ratings,GeneralSheaf,5,5,true,last,masking,mean,acc,3,random,0.3,0.45157602429389954
amazon_ratings,GeneralSheaf,5,5,true,last,masking,mean,acc,4,baseline,,0.4677445590496063
amazon_ratings,GeneralSheaf,5,5,true,last,masking,mean,acc,4,high,0.01,0.46431487798690796
amazon_ratings,GeneralSheaf,5,5,true,last,masking,mean,acc,4,high,0.05,0.4538624882698059
amazon_ratings,GeneralSheaf,5,5,true,last,masking,mean,acc,4,high,0.1,0.4532092213630676
amazon_ratings,GeneralSheaf,5,5,true,last,masking,mean,acc,4,high,0.2,0.4453699290752411
amazon_ratings,GeneralSheaf,5,5,true,last,masking,mean,acc,4,high,0.3,0.4430834650993347
amazon_ratings,GeneralSheaf,5,5,true,last,masking,mean,acc,4,low,0.01,0.4677445590496063
amazon_ratings,GeneralSheaf,5,5,true,last,masking,mean,acc,4,low,0.05,0.46758124232292175
amazon_ratings,GeneralSheaf,5,5,true,last,masking,mean,acc,4,low,0.1,0.46709129214286804
amazon_ratings,GeneralSheaf,5,5,true,last,masking,mean,acc,4,low,0.2,0.4667646586894989
amazon_ratings,GeneralSheaf,5,5,true,last,masking,mean,acc,4,low,0.3,0.4688878059387207
amazon_ratings,GeneralSheaf,5,5,true,last,masking,mean,acc,4,deg_high,0.01,0.4646415114402771
amazon_ratings,GeneralSheaf,5,5,true,last,masking,mean,acc,4,deg_high,0.05,0.46104851365089417
amazon_ratings,GeneralSheaf,5,5,true,last,masking,mean,acc,4,deg_high,0.1,0.4613751471042633
amazon_ratings,GeneralSheaf,5,5,true,last,masking,mean,acc,4,deg_high,0.2,0.4585987329483032
amazon_ratings,GeneralSheaf,5,5,true,last,masking,mean,acc,4,deg_high,0.3,0.4543524384498596
amazon_ratings,GeneralSheaf,5,5,true,last,masking,mean,acc,4,deg_low,0.01,0.46807119250297546
amazon_ratings,GeneralSheaf,5,5,true,last,masking,mean,acc,4,deg_low,0.05,0.4677445590496063
amazon_ratings,GeneralSheaf,5,5,true,last,masking,mean,acc,4,deg_low,0.1,0.4682345390319824
amazon_ratings,GeneralSheaf,5,5,true,last,masking,mean,acc,4,deg_low,0.2,0.46709129214286804
amazon_ratings,GeneralSheaf,5,5,true,last,masking,mean,acc,4,deg_low,0.3,0.4641515612602234
amazon_ratings,GeneralSheaf,5,5,true,last,masking,mean,acc,4,deg_matched_high,0.01,0.46807119250297546
amazon_ratings,GeneralSheaf,5,5,true,last,masking,mean,acc,4,deg_matched_high,0.05,0.4674179255962372
amazon_ratings,GeneralSheaf,5,5,true,last,masking,mean,acc,4,deg_matched_high,0.1,0.46872448921203613
amazon_ratings,GeneralSheaf,5,5,true,last,masking,mean,acc,4,deg_matched_high,0.2,0.4657847583293915
amazon_ratings,GeneralSheaf,5,5,true,last,masking,mean,acc,4,deg_matched_high,0.3,0.4634982943534851
amazon_ratings,GeneralSheaf,5,5,true,last,masking,mean,acc,4,deg_matched_low,0.01,0.4677445590496063
amazon_ratings,GeneralSheaf,5,5,true,last,masking,mean,acc,4,deg_matched_low,0.05,0.4672546088695526
amazon_ratings,GeneralSheaf,5,5,true,last,masking,mean,acc,4,deg_matched_low,0.1,0.4682345390319824
amazon_ratings,GeneralSheaf,5,5,true,last,masking,mean,acc,4,deg_matched_low,0.2,0.46643802523612976
amazon_ratings,GeneralSheaf,5,5,true,last,masking,mean,acc,4,deg_matched_low,0.3,0.461865097284317
amazon_ratings,GeneralSheaf,5,5,true,last,masking,mean,acc,4,conf_high,0.01,0.4652947783470154
amazon_ratings,GeneralSheaf,5,5,true,last,masking,mean,acc,4,conf_high,0.05,0.460721880197525
amazon_ratings,GeneralSheaf,5,5,true,last,masking,mean,acc,4,conf_high,0.1,0.46284499764442444
amazon_ratings,GeneralSheaf,5,5,true,last,masking,mean,acc,4,conf_high,0.2,0.4528825879096985
amazon_ratings,GeneralSheaf,5,5,true,last,masking,mean,acc,4,conf_high,0.3,0.4496161937713623
amazon_ratings,GeneralSheaf,5,5,true,last,masking,mean,acc,4,conf_low,0.01,0.46660134196281433
amazon_ratings,GeneralSheaf,5,5,true,last,masking,mean,acc,4,conf_low,0.05,0.4662747085094452
amazon_ratings,GeneralSheaf,5,5,true,last,masking,mean,acc,4,conf_low,0.1,0.4688878059387207
amazon_ratings,GeneralSheaf,5,5,true,last,masking,mean,acc,4,conf_low,0.2,0.4652947783470154
amazon_ratings,GeneralSheaf,5,5,true,last,masking,mean,acc,4,conf_low,0.3,0.46545809507369995
amazon_ratings,GeneralSheaf,5,5,true,last,masking,mean,acc,4,random,0.01,0.4674179255962372
amazon_ratings,GeneralSheaf,5,5,true,last,masking,mean,acc,4,random,0.05,0.46660134196281433
amazon_ratings,GeneralSheaf,5,5,true,last,masking,mean,acc,4,random,0.1,0.46692797541618347
amazon_ratings,GeneralSheaf,5,5,true,last,masking,mean,acc,4,random,0.2,0.460721880197525
amazon_ratings,GeneralSheaf,5,5,true,last,masking,mean,acc,4,random,0.3,0.4571288526058197
amazon_ratings,GeneralSheaf,5,5,true,last,masking,mean,acc,5,baseline,,0.45908868312835693
amazon_ratings,GeneralSheaf,5,5,true,last,masking,mean,acc,5,high,0.01,0.4522292912006378
amazon_ratings,GeneralSheaf,5,5,true,last,masking,mean,acc,5,high,0.05,0.4505961239337921
amazon_ratings,GeneralSheaf,5,5,true,last,masking,mean,acc,5,high,0.1,0.450269490480423
amazon_ratings,GeneralSheaf,5,5,true,last,masking,mean,acc,5,high,0.2,0.4425934851169586
amazon_ratings,GeneralSheaf,5,5,true,last,masking,mean,acc,5,high,0.3,0.43916380405426025
amazon_ratings,GeneralSheaf,5,5,true,last,masking,mean,acc,5,low,0.01,0.4592519998550415
amazon_ratings,GeneralSheaf,5,5,true,last,masking,mean,acc,5,low,0.05,0.45957863330841064
amazon_ratings,GeneralSheaf,5,5,true,last,masking,mean,acc,5,low,0.1,0.45892536640167236
amazon_ratings,GeneralSheaf,5,5,true,last,masking,mean,acc,5,low,0.2,0.4572921693325043
amazon_ratings,GeneralSheaf,5,5,true,last,masking,mean,acc,5,low,0.3,0.45516902208328247
amazon_ratings,GeneralSheaf,5,5,true,last,masking,mean,acc,5,deg_high,0.01,0.4522292912006378
amazon_ratings,GeneralSheaf,5,5,true,last,masking,mean,acc,5,deg_high,0.05,0.44879961013793945
amazon_ratings,GeneralSheaf,5,5,true,last,masking,mean,acc,5,deg_high,0.1,0.4468397796154022
amazon_ratings,GeneralSheaf,5,5,true,last,masking,mean,acc,5,deg_high,0.2,0.4414502680301666
amazon_ratings,GeneralSheaf,5,5,true,last,masking,mean,acc,5,deg_high,0.3,0.4388371706008911
amazon_ratings,GeneralSheaf,5,5,true,last,masking,mean,acc,5,deg_low,0.01,0.4581087827682495
amazon_ratings,GeneralSheaf,5,5,true,last,masking,mean,acc,5,deg_low,0.05,0.45908868312835693
amazon_ratings,GeneralSheaf,5,5,true,last,masking,mean,acc,5,deg_low,0.1,0.4594153165817261
amazon_ratings,GeneralSheaf,5,5,true,last,masking,mean,acc,5,deg_low,0.2,0.45696553587913513
amazon_ratings,GeneralSheaf,5,5,true,last,masking,mean,acc,5,deg_low,0.3,0.4571288526058197
amazon_ratings,GeneralSheaf,5,5,true,last,masking,mean,acc,5,deg_matched_high,0.01,0.4572921693325043
amazon_ratings,GeneralSheaf,5,5,true,last,masking,mean,acc,5,deg_matched_high,0.05,0.45908868312835693
amazon_ratings,GeneralSheaf,5,5,true,last,masking,mean,acc,5,deg_matched_high,0.1,0.4540258049964905
amazon_ratings,GeneralSheaf,5,5,true,last,masking,mean,acc,5,deg_matched_high,0.2,0.45565900206565857
amazon_ratings,GeneralSheaf,5,5,true,last,masking,mean,acc,5,deg_matched_high,0.3,0.45255592465400696
amazon_ratings,GeneralSheaf,5,5,true,last,masking,mean,acc,5,deg_matched_low,0.01,0.4581087827682495
amazon_ratings,GeneralSheaf,5,5,true,last,masking,mean,acc,5,deg_matched_low,0.05,0.45745548605918884
amazon_ratings,GeneralSheaf,5,5,true,last,masking,mean,acc,5,deg_matched_low,0.1,0.4581087827682495
amazon_ratings,GeneralSheaf,5,5,true,last,masking,mean,acc,5,deg_matched_low,0.2,0.4585987329483032
amazon_ratings,GeneralSheaf,5,5,true,last,masking,mean,acc,5,deg_matched_low,0.3,0.45484238862991333
amazon_ratings,GeneralSheaf,5,5,true,last,masking,mean,acc,5,conf_high,0.01,0.4561489522457123
amazon_ratings,GeneralSheaf,5,5,true,last,masking,mean,acc,5,conf_high,0.05,0.45271924138069153
amazon_ratings,GeneralSheaf,5,5,true,last,masking,mean,acc,5,conf_high,0.1,0.4522292912006378
amazon_ratings,GeneralSheaf,5,5,true,last,masking,mean,acc,5,conf_high,0.2,0.44781970977783203
amazon_ratings,GeneralSheaf,5,5,true,last,masking,mean,acc,5,conf_high,0.3,0.4425934851169586
amazon_ratings,GeneralSheaf,5,5,true,last,masking,mean,acc,5,conf_low,0.01,0.4587620496749878
amazon_ratings,GeneralSheaf,5,5,true,last,masking,mean,acc,5,conf_low,0.05,0.457782119512558
amazon_ratings,GeneralSheaf,5,5,true,last,masking,mean,acc,5,conf_low,0.1,0.45680221915245056
amazon_ratings,GeneralSheaf,5,5,true,last,masking,mean,acc,5,conf_low,0.2,0.45418912172317505
amazon_ratings,GeneralSheaf,5,5,true,last,masking,mean,acc,5,conf_low,0.3,0.45255592465400696
amazon_ratings,GeneralSheaf,5,5,true,last,masking,mean,acc,5,random,0.01,0.4592519998550415
amazon_ratings,GeneralSheaf,5,5,true,last,masking,mean,acc,5,random,0.05,0.45794546604156494
amazon_ratings,GeneralSheaf,5,5,true,last,masking,mean,acc,5,random,0.1,0.45582231879234314
amazon_ratings,GeneralSheaf,5,5,true,last,masking,mean,acc,5,random,0.2,0.4550057053565979
amazon_ratings,GeneralSheaf,5,5,true,last,masking,mean,acc,5,random,0.3,0.45255592465400696
amazon_ratings,GeneralSheaf,5,5,true,last,masking,mean,acc,6,baseline,,0.4661113917827606
amazon_ratings,GeneralSheaf,5,5,true,last,masking,mean,acc,6,high,0.01,0.46104851365089417
amazon_ratings,GeneralSheaf,5,5,true,last,masking,mean,acc,6,high,0.05,0.4585987329483032
amazon_ratings,GeneralSheaf,5,5,true,last,masking,mean,acc,6,high,0.1,0.45582231879234314
amazon_ratings,GeneralSheaf,5,5,true,last,masking,mean,acc,6,high,0.2,0.4491262435913086
amazon_ratings,GeneralSheaf,5,5,true,last,masking,mean,acc,6,high,0.3,0.44602319598197937
amazon_ratings,GeneralSheaf,5,5,true,last,masking,mean,acc,6,low,0.01,0.4657847583293915
amazon_ratings,GeneralSheaf,5,5,true,last,masking,mean,acc,6,low,0.05,0.46496814489364624
amazon_ratings,GeneralSheaf,5,5,true,last,masking,mean,acc,6,low,0.1,0.46480482816696167
amazon_ratings,GeneralSheaf,5,5,true,last,masking,mean,acc,6,low,0.2,0.46268168091773987
amazon_ratings,GeneralSheaf,5,5,true,last,masking,mean,acc,6,low,0.3,0.4602319002151489
amazon_ratings,GeneralSheaf,5,5,true,last,masking,mean,acc,6,deg_high,0.01,0.460721880197525
amazon_ratings,GeneralSheaf,5,5,true,last,masking,mean,acc,6,deg_high,0.05,0.46121183037757874
amazon_ratings,GeneralSheaf,5,5,true,last,masking,mean,acc,6,deg_high,0.1,0.4587620496749878
amazon_ratings,GeneralSheaf,5,5,true,last,masking,mean,acc,6,deg_high,0.2,0.4517393410205841
amazon_ratings,GeneralSheaf,5,5,true,last,masking,mean,acc,6,deg_high,0.3,0.45141270756721497
amazon_ratings,GeneralSheaf,5,5,true,last,masking,mean,acc,6,deg_low,0.01,0.46709129214286804
amazon_ratings,GeneralSheaf,5,5,true,last,masking,mean,acc,6,deg_low,0.05,0.4677445590496063
amazon_ratings,GeneralSheaf,5,5,true,last,masking,mean,acc,6,deg_low,0.1,0.4682345390319824
amazon_ratings,GeneralSheaf,5,5,true,last,masking,mean,acc,6,deg_low,0.2,0.4657847583293915
amazon_ratings,GeneralSheaf,5,5,true,last,masking,mean,acc,6,deg_low,0.3,0.46284499764442444
amazon_ratings,GeneralSheaf,5,5,true,last,masking,mean,acc,6,deg_matched_high,0.01,0.46317166090011597
amazon_ratings,GeneralSheaf,5,5,true,last,masking,mean,acc,6,deg_matched_high,0.05,0.4651314616203308
amazon_ratings,GeneralSheaf,5,5,true,last,masking,mean,acc,6,deg_matched_high,0.1,0.46660134196281433
amazon_ratings,GeneralSheaf,5,5,true,last,masking,mean,acc,6,deg_matched_high,0.2,0.4646415114402771
amazon_ratings,GeneralSheaf,5,5,true,last,masking,mean,acc,6,deg_matched_high,0.3,0.4603952169418335
amazon_ratings,GeneralSheaf,5,5,true,last,masking,mean,acc,6,deg_matched_low,0.01,0.46545809507369995
amazon_ratings,GeneralSheaf,5,5,true,last,masking,mean,acc,6,deg_matched_low,0.05,0.46545809507369995
amazon_ratings,GeneralSheaf,5,5,true,last,masking,mean,acc,6,deg_matched_low,0.1,0.46333497762680054
amazon_ratings,GeneralSheaf,5,5,true,last,masking,mean,acc,6,deg_matched_low,0.2,0.4615384638309479
amazon_ratings,GeneralSheaf,5,5,true,last,masking,mean,acc,6,deg_matched_low,0.3,0.45516902208328247
amazon_ratings,GeneralSheaf,5,5,true,last,masking,mean,acc,6,conf_high,0.01,0.46333497762680054
amazon_ratings,GeneralSheaf,5,5,true,last,masking,mean,acc,6,conf_high,0.05,0.4625183641910553
amazon_ratings,GeneralSheaf,5,5,true,last,masking,mean,acc,6,conf_high,0.1,0.45843541622161865
amazon_ratings,GeneralSheaf,5,5,true,last,masking,mean,acc,6,conf_high,0.2,0.4543524384498596
amazon_ratings,GeneralSheaf,5,5,true,last,masking,mean,acc,6,conf_high,0.3,0.4522292912006378
amazon_ratings,GeneralSheaf,5,5,true,last,masking,mean,acc,6,conf_low,0.01,0.4661113917827606
amazon_ratings,GeneralSheaf,5,5,true,last,masking,mean,acc,6,conf_low,0.05,0.4667646586894989
amazon_ratings,GeneralSheaf,5,5,true,last,masking,mean,acc,6,conf_low,0.1,0.46333497762680054
amazon_ratings,GeneralSheaf,5,5,true,last,masking,mean,acc,6,conf_low,0.2,0.4620284140110016
amazon_ratings,GeneralSheaf,5,5,true,last,masking,mean,acc,6,conf_low,0.3,0.46006858348846436
amazon_ratings,GeneralSheaf,5,5,true,last,masking,mean,acc,6,random,0.01,0.4657847583293915
amazon_ratings,GeneralSheaf,5,5,true,last,masking,mean,acc,6,random,0.05,0.46643802523612976
amazon_ratings,GeneralSheaf,5,5,true,last,masking,mean,acc,6,random,0.1,0.4651314616203308
amazon_ratings,GeneralSheaf,5,5,true,last,masking,mean,acc,6,random,0.2,0.4646415114402771
amazon_ratings,GeneralSheaf,5,5,true,last,masking,mean,acc,6,random,0.3,0.4623550474643707
amazon_ratings,GeneralSheaf,5,5,true,last,masking,mean,acc,7,baseline,,0.4615384638309479
amazon_ratings,GeneralSheaf,5,5,true,last,masking,mean,acc,7,high,0.01,0.45353585481643677
amazon_ratings,GeneralSheaf,5,5,true,last,masking,mean,acc,7,high,0.05,0.4559856355190277
amazon_ratings,GeneralSheaf,5,5,true,last,masking,mean,acc,7,high,0.1,0.4540258049964905
amazon_ratings,GeneralSheaf,5,5,true,last,masking,mean,acc,7,high,0.2,0.44879961013793945
amazon_ratings,GeneralSheaf,5,5,true,last,masking,mean,acc,7,high,0.3,0.4447166323661804
amazon_ratings,GeneralSheaf,5,5,true,last,masking,mean,acc,7,low,0.01,0.46170178055763245
amazon_ratings,GeneralSheaf,5,5,true,last,masking,mean,acc,7,low,0.05,0.4615384638309479
amazon_ratings,GeneralSheaf,5,5,true,last,masking,mean,acc,7,low,0.1,0.4608851969242096
amazon_ratings,GeneralSheaf,5,5,true,last,masking,mean,acc,7,low,0.2,0.4581087827682495
amazon_ratings,GeneralSheaf,5,5,true,last,masking,mean,acc,7,low,0.3,0.45696553587913513
amazon_ratings,GeneralSheaf,5,5,true,last,masking,mean,acc,7,deg_high,0.01,0.4550057053565979
amazon_ratings,GeneralSheaf,5,5,true,last,masking,mean,acc,7,deg_high,0.05,0.45565900206565857
amazon_ratings,GeneralSheaf,5,5,true,last,masking,mean,acc,7,deg_high,0.1,0.45516902208328247
amazon_ratings,GeneralSheaf,5,5,true,last,masking,mean,acc,7,deg_high,0.2,0.45467907190322876
amazon_ratings,GeneralSheaf,5,5,true,last,masking,mean,acc,7,deg_high,0.3,0.4517393410205841
amazon_ratings,GeneralSheaf,5,5,true,last,masking,mean,acc,7,deg_low,0.01,0.4623550474643707
amazon_ratings,GeneralSheaf,5,5,true,last,masking,mean,acc,7,deg_low,0.05,0.46121183037757874
amazon_ratings,GeneralSheaf,5,5,true,last,masking,mean,acc,7,deg_low,0.1,0.46219173073768616
amazon_ratings,GeneralSheaf,5,5,true,last,masking,mean,acc,7,deg_low,0.2,0.45957863330841064
amazon_ratings,GeneralSheaf,5,5,true,last,masking,mean,acc,7,deg_low,0.3,0.4571288526058197
amazon_ratings,GeneralSheaf,5,5,true,last,masking,mean,acc,7,deg_matched_high,0.01,0.4603952169418335
amazon_ratings,GeneralSheaf,5,5,true,last,masking,mean,acc,7,deg_matched_high,0.05,0.4599052667617798
amazon_ratings,GeneralSheaf,5,5,true,last,masking,mean,acc,7,deg_matched_high,0.1,0.4559856355190277
amazon_ratings,GeneralSheaf,5,5,true,last,masking,mean,acc,7,deg_matched_high,0.2,0.45745548605918884
amazon_ratings,GeneralSheaf,5,5,true,last,masking,mean,acc,7,deg_matched_high,0.3,0.4646415114402771
amazon_ratings,GeneralSheaf,5,5,true,last,masking,mean,acc,7,deg_matched_low,0.01,0.4613751471042633
amazon_ratings,GeneralSheaf,5,5,true,last,masking,mean,acc,7,deg_matched_low,0.05,0.460721880197525
amazon_ratings,GeneralSheaf,5,5,true,last,masking,mean,acc,7,deg_matched_low,0.1,0.4599052667617798
amazon_ratings,GeneralSheaf,5,5,true,last,masking,mean,acc,7,deg_matched_low,0.2,0.45696553587913513
amazon_ratings,GeneralSheaf,5,5,true,last,masking,mean,acc,7,deg_matched_low,0.3,0.45304590463638306
amazon_ratings,GeneralSheaf,5,5,true,last,masking,mean,acc,7,conf_high,0.01,0.456638902425766
amazon_ratings,GeneralSheaf,5,5,true,last,masking,mean,acc,7,conf_high,0.05,0.4581087827682495
amazon_ratings,GeneralSheaf,5,5,true,last,masking,mean,acc,7,conf_high,0.1,0.45696553587913513
amazon_ratings,GeneralSheaf,5,5,true,last,masking,mean,acc,7,conf_high,0.2,0.45271924138069153
amazon_ratings,GeneralSheaf,5,5,true,last,masking,mean,acc,7,conf_high,0.3,0.4484729766845703
amazon_ratings,GeneralSheaf,5,5,true,last,masking,mean,acc,7,conf_low,0.01,0.4613751471042633
amazon_ratings,GeneralSheaf,5,5,true,last,masking,mean,acc,7,conf_low,0.05,0.460721880197525
amazon_ratings,GeneralSheaf,5,5,true,last,masking,mean,acc,7,conf_low,0.1,0.460721880197525
amazon_ratings,GeneralSheaf,5,5,true,last,masking,mean,acc,7,conf_low,0.2,0.4564755856990814
amazon_ratings,GeneralSheaf,5,5,true,last,masking,mean,acc,7,conf_low,0.3,0.45533233880996704
amazon_ratings,GeneralSheaf,5,5,true,last,masking,mean,acc,7,random,0.01,0.46121183037757874
amazon_ratings,GeneralSheaf,5,5,true,last,masking,mean,acc,7,random,0.05,0.461865097284317
amazon_ratings,GeneralSheaf,5,5,true,last,masking,mean,acc,7,random,0.1,0.46006858348846436
amazon_ratings,GeneralSheaf,5,5,true,last,masking,mean,acc,7,random,0.2,0.456638902425766
amazon_ratings,GeneralSheaf,5,5,true,last,masking,mean,acc,7,random,0.3,0.45418912172317505
amazon_ratings,GeneralSheaf,5,5,true,last,masking,mean,acc,8,baseline,,0.4715009033679962
amazon_ratings,GeneralSheaf,5,5,true,last,masking,mean,acc,8,high,0.01,0.4728074371814728
amazon_ratings,GeneralSheaf,5,5,true,last,masking,mean,acc,8,high,0.05,0.4679078757762909
amazon_ratings,GeneralSheaf,5,5,true,last,masking,mean,acc,8,high,0.1,0.46104851365089417
amazon_ratings,GeneralSheaf,5,5,true,last,masking,mean,acc,8,high,0.2,0.45631226897239685
amazon_ratings,GeneralSheaf,5,5,true,last,masking,mean,acc,8,high,0.3,0.4512493908405304
amazon_ratings,GeneralSheaf,5,5,true,last,masking,mean,acc,8,low,0.01,0.4715009033679962
amazon_ratings,GeneralSheaf,5,5,true,last,masking,mean,acc,8,low,0.05,0.47133758664131165
amazon_ratings,GeneralSheaf,5,5,true,last,masking,mean,acc,8,low,0.1,0.47035765647888184
amazon_ratings,GeneralSheaf,5,5,true,last,masking,mean,acc,8,low,0.2,0.4693777561187744
amazon_ratings,GeneralSheaf,5,5,true,last,masking,mean,acc,8,low,0.3,0.469541072845459
amazon_ratings,GeneralSheaf,5,5,true,last,masking,mean,acc,8,deg_high,0.01,0.468397855758667
amazon_ratings,GeneralSheaf,5,5,true,last,masking,mean,acc,8,deg_high,0.05,0.463008314371109
amazon_ratings,GeneralSheaf,5,5,true,last,masking,mean,acc,8,deg_high,0.1,0.46317166090011597
amazon_ratings,GeneralSheaf,5,5,true,last,masking,mean,acc,8,deg_high,0.2,0.45892536640167236
amazon_ratings,GeneralSheaf,5,5,true,last,masking,mean,acc,8,deg_high,0.3,0.45582231879234314
amazon_ratings,GeneralSheaf,5,5,true,last,masking,mean,acc,8,deg_low,0.01,0.47182753682136536
amazon_ratings,GeneralSheaf,5,5,true,last,masking,mean,acc,8,deg_low,0.05,0.4705209732055664
amazon_ratings,GeneralSheaf,5,5,true,last,masking,mean,acc,8,deg_low,0.1,0.47035765647888184
amazon_ratings,GeneralSheaf,5,5,true,last,masking,mean,acc,8,deg_low,0.2,0.46660134196281433
amazon_ratings,GeneralSheaf,5,5,true,last,masking,mean,acc,8,deg_low,0.3,0.46594807505607605
amazon_ratings,GeneralSheaf,5,5,true,last,masking,mean,acc,8,deg_matched_high,0.01,0.46758124232292175
amazon_ratings,GeneralSheaf,5,5,true,last,masking,mean,acc,8,deg_matched_high,0.05,0.46431487798690796
amazon_ratings,GeneralSheaf,5,5,true,last,masking,mean,acc,8,deg_matched_high,0.1,0.4646415114402771
amazon_ratings,GeneralSheaf,5,5,true,last,masking,mean,acc,8,deg_matched_high,0.2,0.46856117248535156
amazon_ratings,GeneralSheaf,5,5,true,last,masking,mean,acc,8,deg_matched_high,0.3,0.46594807505607605
amazon_ratings,GeneralSheaf,5,5,true,last,masking,mean,acc,8,deg_matched_low,0.01,0.47133758664131165
amazon_ratings,GeneralSheaf,5,5,true,last,masking,mean,acc,8,deg_matched_low,0.05,0.4710109531879425
amazon_ratings,GeneralSheaf,5,5,true,last,masking,mean,acc,8,deg_matched_low,0.1,0.47019433975219727
amazon_ratings,GeneralSheaf,5,5,true,last,masking,mean,acc,8,deg_matched_low,0.2,0.46709129214286804
amazon_ratings,GeneralSheaf,5,5,true,last,masking,mean,acc,8,deg_matched_low,0.3,0.4636616110801697
amazon_ratings,GeneralSheaf,5,5,true,last,masking,mean,acc,8,conf_high,0.01,0.4719908535480499
amazon_ratings,GeneralSheaf,5,5,true,last,masking,mean,acc,8,conf_high,0.05,0.46807119250297546
amazon_ratings,GeneralSheaf,5,5,true,last,masking,mean,acc,8,conf_high,0.1,0.46692797541618347
amazon_ratings,GeneralSheaf,5,5,true,last,masking,mean,acc,8,conf_high,0.2,0.4597419500350952
amazon_ratings,GeneralSheaf,5,5,true,last,masking,mean,acc,8,conf_high,0.3,0.45794546604156494
amazon_ratings,GeneralSheaf,5,5,true,last,masking,mean,acc,8,conf_low,0.01,0.47084763646125793
amazon_ratings,GeneralSheaf,5,5,true,last,masking,mean,acc,8,conf_low,0.05,0.4698677062988281
amazon_ratings,GeneralSheaf,5,5,true,last,masking,mean,acc,8,conf_low,0.1,0.4698677062988281
amazon_ratings,GeneralSheaf,5,5,true,last,masking,mean,acc,8,conf_low,0.2,0.4688878059387207
amazon_ratings,GeneralSheaf,5,5,true,last,masking,mean,acc,8,conf_low,0.3,0.4667646586894989
amazon_ratings,GeneralSheaf,5,5,true,last,masking,mean,acc,8,random,0.01,0.46970438957214355
amazon_ratings,GeneralSheaf,5,5,true,last,masking,mean,acc,8,random,0.05,0.47248080372810364
amazon_ratings,GeneralSheaf,5,5,true,last,masking,mean,acc,8,random,0.1,0.4693777561187744
amazon_ratings,GeneralSheaf,5,5,true,last,masking,mean,acc,8,random,0.2,0.4698677062988281
amazon_ratings,GeneralSheaf,5,5,true,last,masking,mean,acc,8,random,0.3,0.4652947783470154
amazon_ratings,GeneralSheaf,5,5,true,last,masking,mean,acc,9,baseline,,0.46643802523612976
amazon_ratings,GeneralSheaf,5,5,true,last,masking,mean,acc,9,high,0.01,0.46219173073768616
amazon_ratings,GeneralSheaf,5,5,true,last,masking,mean,acc,9,high,0.05,0.4564755856990814
amazon_ratings,GeneralSheaf,5,5,true,last,masking,mean,acc,9,high,0.1,0.45631226897239685
amazon_ratings,GeneralSheaf,5,5,true,last,masking,mean,acc,9,high,0.2,0.45304590463638306
amazon_ratings,GeneralSheaf,5,5,true,last,masking,mean,acc,9,high,0.3,0.448962926864624
amazon_ratings,GeneralSheaf,5,5,true,last,masking,mean,acc,9,low,0.01,0.4674179255962372
amazon_ratings,GeneralSheaf,5,5,true,last,masking,mean,acc,9,low,0.05,0.4672546088695526
amazon_ratings,GeneralSheaf,5,5,true,last,masking,mean,acc,9,low,0.1,0.46643802523612976
amazon_ratings,GeneralSheaf,5,5,true,last,masking,mean,acc,9,low,0.2,0.46317166090011597
amazon_ratings,GeneralSheaf,5,5,true,last,masking,mean,acc,9,low,0.3,0.4639882445335388
amazon_ratings,GeneralSheaf,5,5,true,last,masking,mean,acc,9,deg_high,0.01,0.46268168091773987
amazon_ratings,GeneralSheaf,5,5,true,last,masking,mean,acc,9,deg_high,0.05,0.4615384638309479
amazon_ratings,GeneralSheaf,5,5,true,last,masking,mean,acc,9,deg_high,0.1,0.4599052667617798
amazon_ratings,GeneralSheaf,5,5,true,last,masking,mean,acc,9,deg_high,0.2,0.457782119512558
amazon_ratings,GeneralSheaf,5,5,true,last,masking,mean,acc,9,deg_high,0.3,0.4571288526058197
amazon_ratings,GeneralSheaf,5,5,true,last,masking,mean,acc,9,deg_low,0.01,0.4657847583293915
amazon_ratings,GeneralSheaf,5,5,true,last,masking,mean,acc,9,deg_low,0.05,0.4672546088695526
amazon_ratings,GeneralSheaf,5,5,true,last,masking,mean,acc,9,deg_low,0.1,0.46709129214286804
amazon_ratings,GeneralSheaf,5,5,true,last,masking,mean,acc,9,deg_low,0.2,0.4652947783470154
amazon_ratings,GeneralSheaf,5,5,true,last,masking,mean,acc,9,deg_low,0.3,0.46382492780685425
amazon_ratings,GeneralSheaf,5,5,true,last,masking,mean,acc,9,deg_matched_high,0.01,0.46447819471359253
amazon_ratings,GeneralSheaf,5,5,true,last,masking,mean,acc,9,deg_matched_high,0.05,0.46709129214286804
amazon_ratings,GeneralSheaf,5,5,true,last,masking,mean,acc,9,deg_matched_high,0.1,0.4682345390319824
amazon_ratings,GeneralSheaf,5,5,true,last,masking,mean,acc,9,deg_matched_high,0.2,0.4657847583293915
amazon_ratings,GeneralSheaf,5,5,true,last,masking,mean,acc,9,deg_matched_high,0.3,0.46594807505607605
amazon_ratings,GeneralSheaf,5,5,true,last,masking,mean,acc,9,deg_matched_low,0.01,0.46594807505607605
amazon_ratings,GeneralSheaf,5,5,true,last,masking,mean,acc,9,deg_matched_low,0.05,0.46709129214286804
amazon_ratings,GeneralSheaf,5,5,true,last,masking,mean,acc,9,deg_matched_low,0.1,0.46317166090011597
amazon_ratings,GeneralSheaf,5,5,true,last,masking,mean,acc,9,deg_matched_low,0.2,0.4634982943534851
amazon_ratings,GeneralSheaf,5,5,true,last,masking,mean,acc,9,deg_matched_low,0.3,0.4625183641910553
amazon_ratings,GeneralSheaf,5,5,true,last,masking,mean,acc,9,conf_high,0.01,0.4625183641910553
amazon_ratings,GeneralSheaf,5,5,true,last,masking,mean,acc,9,conf_high,0.05,0.45908868312835693
amazon_ratings,GeneralSheaf,5,5,true,last,masking,mean,acc,9,conf_high,0.1,0.4592519998550415
amazon_ratings,GeneralSheaf,5,5,true,last,masking,mean,acc,9,conf_high,0.2,0.4559856355190277
amazon_ratings,GeneralSheaf,5,5,true,last,masking,mean,acc,9,conf_high,0.3,0.45206597447395325
amazon_ratings,GeneralSheaf,5,5,true,last,masking,mean,acc,9,conf_low,0.01,0.46594807505607605
amazon_ratings,GeneralSheaf,5,5,true,last,masking,mean,acc,9,conf_low,0.05,0.4661113917827606
amazon_ratings,GeneralSheaf,5,5,true,last,masking,mean,acc,9,conf_low,0.1,0.4651314616203308
amazon_ratings,GeneralSheaf,5,5,true,last,masking,mean,acc,9,conf_low,0.2,0.46268168091773987
amazon_ratings,GeneralSheaf,5,5,true,last,masking,mean,acc,9,conf_low,0.3,0.46284499764442444
amazon_ratings,GeneralSheaf,5,5,true,last,masking,mean,acc,9,random,0.01,0.46692797541618347
amazon_ratings,GeneralSheaf,5,5,true,last,masking,mean,acc,9,random,0.05,0.4651314616203308
amazon_ratings,GeneralSheaf,5,5,true,last,masking,mean,acc,9,random,0.1,0.4661113917827606
amazon_ratings,GeneralSheaf,5,5,true,last,masking,mean,acc,9,random,0.2,0.46480482816696167
amazon_ratings,GeneralSheaf,5,5,true,last,masking,mean,acc,9,random,0.3,0.46284499764442444
