dataset,model,d,layers,normalised,conviction_score,intervention,mode,metric,fold,criterion,bin,value
minesweeper,GeneralSheaf,5,6,true,last,masking,mean,auc,0,baseline,,0.9506326784445122
minesweeper,GeneralSheaf,5,6,true,last,masking,mean,auc,0,conviction,1,0.9507627677936845
minesweeper,GeneralSheaf,5,6,true,last,masking,mean,auc,0,conviction,2,0.95173050563509
minesweeper,GeneralSheaf,5,6,true,last,masking,mean,auc,0,conviction,3,0.9482244390293431
minesweeper,GeneralSheaf,5,6,true,last,masking,mean,auc,0,conviction,4,0.9465824576099098
minesweeper,GeneralSheaf,5,6,true,last,masking,mean,auc,0,conviction,5,0.941751700680272
minesweeper,GeneralSheaf,5,6,true,last,masking,mean,auc,0,conviction,6,0.9434000279216165
minesweeper,GeneralSheaf,5,6,true,last,masking,mean,auc,0,conviction,7,0.9481895370088336
minesweeper,GeneralSheaf,5,6,true,last,masking,mean,auc,0,conviction,8,0.9428225581277287
minesweeper,GeneralSheaf,5,6,true,last,masking,mean,auc,0,conviction,9,0.9357485531526044
minesweeper,GeneralSheaf,5,6,true,last,masking,mean,auc,0,conviction,10,0.9107602929231393
minesweeper,GeneralSheaf,5,6,true,last,masking,mean,auc,0,confidence,1,0.9457368768402884
minesweeper,GeneralSheaf,5,6,true,last,masking,mean,auc,0,confidence,2,0.94281462585034
minesweeper,GeneralSheaf,5,6,true,last,masking,mean,auc,0,confidence,3,0.9451863767895218
minesweeper,GeneralSheaf,5,6,true,last,masking,mean,auc,0,confidence,4,0.9399701111787999
minesweeper,GeneralSheaf,5,6,true,last,masking,mean,auc,0,confidence,5,0.9438410625444208
minesweeper,GeneralSheaf,5,6,true,last,masking,mean,auc,0,confidence,6,0.9337416869732968
minesweeper,GeneralSheaf,5,6,true,last,masking,mean,auc,0,confidence,7,0.9424338765356888
minesweeper,GeneralSheaf,5,6,true,last,masking,mean,auc,0,confidence,8,0.9421974946695097
minesweeper,GeneralSheaf,5,6,true,last,masking,mean,auc,0,confidence,9,0.9409203980099503
minesweeper,GeneralSheaf,5,6,true,last,masking,mean,auc,0,confidence,10,0.94690133516093
minesweeper,GeneralSheaf,5,6,true,last,masking,mean,auc,0,degree,1,0.9427448218093207
minesweeper,GeneralSheaf,5,6,true,last,masking,mean,auc,0,degree,2,0.9471361305716317
minesweeper,GeneralSheaf,5,6,true,last,masking,mean,auc,0,degree,3,0.9431271575794498
minesweeper,GeneralSheaf,5,6,true,last,masking,mean,auc,0,degree,4,0.938740608183572
minesweeper,GeneralSheaf,5,6,true,last,masking,mean,auc,0,degree,5,0.9420388491217383
minesweeper,GeneralSheaf,5,6,true,last,masking,mean,auc,0,degree,6,0.9436110265001523
minesweeper,GeneralSheaf,5,6,true,last,masking,mean,auc,0,degree,7,0.9416152655091887
minesweeper,GeneralSheaf,5,6,true,last,masking,mean,auc,0,degree,8,0.9421023073408469
minesweeper,GeneralSheaf,5,6,true,last,masking,mean,auc,0,degree,9,0.9420991344298913
minesweeper,GeneralSheaf,5,6,true,last,masking,mean,auc,0,degree,10,0.945124505025891
minesweeper,GeneralSheaf,5,6,true,last,masking,mean,auc,1,baseline,,0.9601665053723417
minesweeper,GeneralSheaf,5,6,true,last,masking,mean,auc,1,conviction,1,0.9584496513561132
minesweeper,GeneralSheaf,5,6,true,last,masking,mean,auc,1,conviction,2,0.9586466165413534
minesweeper,GeneralSheaf,5,6,true,last,masking,mean,auc,1,conviction,3,0.9557557259485346
minesweeper,GeneralSheaf,5,6,true,last,masking,mean,auc,1,conviction,4,0.9571437876870394
minesweeper,GeneralSheaf,5,6,true,last,masking,mean,auc,1,conviction,5,0.951451959105685
minesweeper,GeneralSheaf,5,6,true,last,masking,mean,auc,1,conviction,6,0.9538837812352665
minesweeper,GeneralSheaf,5,6,true,last,masking,mean,auc,1,conviction,7,0.9513123774783494
minesweeper,GeneralSheaf,5,6,true,last,masking,mean,auc,1,conviction,8,0.9513651083153428
minesweeper,GeneralSheaf,5,6,true,last,masking,mean,auc,1,conviction,9,0.9468271545199632
minesweeper,GeneralSheaf,5,6,true,last,masking,mean,auc,1,conviction,10,0.9289281371746198
minesweeper,GeneralSheaf,5,6,true,last,masking,mean,auc,1,confidence,1,0.9519916747313829
minesweeper,GeneralSheaf,5,6,true,last,masking,mean,auc,1,confidence,2,0.9564086577830716
minesweeper,GeneralSheaf,5,6,true,last,masking,mean,auc,1,confidence,3,0.9541412317923522
minesweeper,GeneralSheaf,5,6,true,last,masking,mean,auc,1,confidence,4,0.9517063078488299
minesweeper,GeneralSheaf,5,6,true,last,masking,mean,auc,1,confidence,5,0.9448063227375368
minesweeper,GeneralSheaf,5,6,true,last,masking,mean,auc,1,confidence,6,0.9431499540931536
minesweeper,GeneralSheaf,5,6,true,last,masking,mean,auc,1,confidence,7,0.9492341621380183
minesweeper,GeneralSheaf,5,6,true,last,masking,mean,auc,1,confidence,8,0.9552842502295342
minesweeper,GeneralSheaf,5,6,true,last,masking,mean,auc,1,confidence,9,0.951800913174024
minesweeper,GeneralSheaf,5,6,true,last,masking,mean,auc,1,confidence,10,0.9586000893322415
minesweeper,GeneralSheaf,5,6,true,last,masking,mean,auc,1,degree,1,0.9528927516811831
minesweeper,GeneralSheaf,5,6,true,last,masking,mean,auc,1,degree,2,0.9525422467058736
minesweeper,GeneralSheaf,5,6,true,last,masking,mean,auc,1,degree,3,0.9493768455792948
minesweeper,GeneralSheaf,5,6,true,last,masking,mean,auc,1,degree,4,0.9539458175140821
minesweeper,GeneralSheaf,5,6,true,last,masking,mean,auc,1,degree,5,0.9492155512543735
minesweeper,GeneralSheaf,5,6,true,last,masking,mean,auc,1,degree,6,0.9509215489218096
minesweeper,GeneralSheaf,5,6,true,last,masking,mean,auc,1,degree,7,0.9533983473535325
minesweeper,GeneralSheaf,5,6,true,last,masking,mean,auc,1,degree,8,0.9501491972505522
minesweeper,GeneralSheaf,5,6,true,last,masking,mean,auc,1,degree,9,0.9528090027047817
minesweeper,GeneralSheaf,5,6,true,last,masking,mean,auc,1,degree,10,0.955595982530584
minesweeper,GeneralSheaf,5,6,true,last,masking,mean,auc,2,baseline,,0.9615827848149555
minesweeper,GeneralSheaf,5,6,true,last,masking,mean,auc,2,conviction,1,0.9600186928069252
minesweeper,GeneralSheaf,5,6,true,last,masking,mean,auc,2,conviction,2,0.9609469750555937
minesweeper,GeneralSheaf,5,6,true,last,masking,mean,auc,2,conviction,3,0.9572370251097169
minesweeper,GeneralSheaf,5,6,true,last,masking,mean,auc,2,conviction,4,0.9563151009586421
minesweeper,GeneralSheaf,5,6,true,last,masking,mean,auc,2,conviction,5,0.9544648945588992
minesweeper,GeneralSheaf,5,6,true,last,masking,mean,auc,2,conviction,6,0.9575994366725532
minesweeper,GeneralSheaf,5,6,true,last,masking,mean,auc,2,conviction,7,0.9525415700368294
minesweeper,GeneralSheaf,5,6,true,last,masking,mean,auc,2,conviction,8,0.9528213263309485
minesweeper,GeneralSheaf,5,6,true,last,masking,mean,auc,2,conviction,9,0.9469623393984287
minesweeper,GeneralSheaf,5,6,true,last,masking,mean,auc,2,conviction,10,0.939973200618643
minesweeper,GeneralSheaf,5,6,true,last,masking,mean,auc,2,confidence,1,0.9565741934355821
minesweeper,GeneralSheaf,5,6,true,last,masking,mean,auc,2,confidence,2,0.9541295049108356
minesweeper,GeneralSheaf,5,6,true,last,masking,mean,auc,2,confidence,3,0.953455546565912
minesweeper,GeneralSheaf,5,6,true,last,masking,mean,auc,2,confidence,4,0.9556300159429297
minesweeper,GeneralSheaf,5,6,true,last,masking,mean,auc,2,confidence,5,0.9528340425261357
minesweeper,GeneralSheaf,5,6,true,last,masking,mean,auc,2,confidence,6,0.9475584110478305
minesweeper,GeneralSheaf,5,6,true,last,masking,mean,auc,2,confidence,7,0.9514479772507268
minesweeper,GeneralSheaf,5,6,true,last,masking,mean,auc,2,confidence,8,0.9543854183389788
minesweeper,GeneralSheaf,5,6,true,last,masking,mean,auc,2,confidence,9,0.9524271242801441
minesweeper,GeneralSheaf,5,6,true,last,masking,mean,auc,2,confidence,10,0.9612171942033225
minesweeper,GeneralSheaf,5,6,true,last,masking,mean,auc,2,degree,1,0.9534205770291472
minesweeper,GeneralSheaf,5,6,true,last,masking,mean,auc,2,degree,2,0.9540293648737361
minesweeper,GeneralSheaf,5,6,true,last,masking,mean,auc,2,degree,3,0.9516434887517305
minesweeper,GeneralSheaf,5,6,true,last,masking,mean,auc,2,degree,4,0.9537305342868361
minesweeper,GeneralSheaf,5,6,true,last,masking,mean,auc,2,degree,5,0.9531710216985976
minesweeper,GeneralSheaf,5,6,true,last,masking,mean,auc,2,degree,6,0.9540007534345649
minesweeper,GeneralSheaf,5,6,true,last,masking,mean,auc,2,degree,7,0.9549147299636476
minesweeper,GeneralSheaf,5,6,true,last,masking,mean,auc,2,degree,8,0.9561990656775586
minesweeper,GeneralSheaf,5,6,true,last,masking,mean,auc,2,degree,9,0.9561831704335746
minesweeper,GeneralSheaf,5,6,true,last,masking,mean,auc,2,degree,10,0.9567887792293668
minesweeper,GeneralSheaf,5,6,true,last,masking,mean,auc,3,baseline,,0.942175430531276
minesweeper,GeneralSheaf,5,6,true,last,masking,mean,auc,3,conviction,1,0.9419259129319678
minesweeper,GeneralSheaf,5,6,true,last,masking,mean,auc,3,conviction,2,0.9359299294092028
minesweeper,GeneralSheaf,5,6,true,last,masking,mean,auc,3,conviction,3,0.9372606899388455
minesweeper,GeneralSheaf,5,6,true,last,masking,mean,auc,3,conviction,4,0.9329931828767414
minesweeper,GeneralSheaf,5,6,true,last,masking,mean,auc,3,conviction,5,0.9309788953477821
minesweeper,GeneralSheaf,5,6,true,last,masking,mean,auc,3,conviction,6,0.929173295265517
minesweeper,GeneralSheaf,5,6,true,last,masking,mean,auc,3,conviction,7,0.9276444328843024
minesweeper,GeneralSheaf,5,6,true,last,masking,mean,auc,3,conviction,8,0.9246078793121179
minesweeper,GeneralSheaf,5,6,true,last,masking,mean,auc,3,conviction,9,0.9291672463540187
minesweeper,GeneralSheaf,5,6,true,last,masking,mean,auc,3,conviction,10,0.9257223912556937
minesweeper,GeneralSheaf,5,6,true,last,masking,mean,auc,3,confidence,1,0.9325833691227264
minesweeper,GeneralSheaf,5,6,true,last,masking,mean,auc,3,confidence,2,0.935762072115123
minesweeper,GeneralSheaf,5,6,true,last,masking,mean,auc,3,confidence,3,0.9332487493875476
minesweeper,GeneralSheaf,5,6,true,last,masking,mean,auc,3,confidence,4,0.9330204029784839
minesweeper,GeneralSheaf,5,6,true,last,masking,mean,auc,3,confidence,5,0.9245186578675166
minesweeper,GeneralSheaf,5,6,true,last,masking,mean,auc,3,confidence,6,0.9299914105456724
minesweeper,GeneralSheaf,5,6,true,last,masking,mean,auc,3,confidence,7,0.9316593978913494
minesweeper,GeneralSheaf,5,6,true,last,masking,mean,auc,3,confidence,8,0.9327119084920669
minesweeper,GeneralSheaf,5,6,true,last,masking,mean,auc,3,confidence,9,0.9324306341073925
minesweeper,GeneralSheaf,5,6,true,last,masking,mean,auc,3,confidence,10,0.9380409995221362
minesweeper,GeneralSheaf,5,6,true,last,masking,mean,auc,3,degree,1,0.9326514193770832
minesweeper,GeneralSheaf,5,6,true,last,masking,mean,auc,3,degree,2,0.9326060525408454
minesweeper,GeneralSheaf,5,6,true,last,masking,mean,auc,3,degree,3,0.9334710468851131
minesweeper,GeneralSheaf,5,6,true,last,masking,mean,auc,3,degree,4,0.9363321820238449
minesweeper,GeneralSheaf,5,6,true,last,masking,mean,auc,3,degree,5,0.933995789957597
minesweeper,GeneralSheaf,5,6,true,last,masking,mean,auc,3,degree,6,0.9270879330264519
minesweeper,GeneralSheaf,5,6,true,last,masking,mean,auc,3,degree,7,0.9354460164893328
minesweeper,GeneralSheaf,5,6,true,last,masking,mean,auc,3,degree,8,0.9343405779130045
minesweeper,GeneralSheaf,5,6,true,last,masking,mean,auc,3,degree,9,0.9267779263121602
minesweeper,GeneralSheaf,5,6,true,last,masking,mean,auc,3,degree,10,0.9305781549610147
minesweeper,GeneralSheaf,5,6,true,last,masking,mean,auc,4,baseline,,0.9473994391920395
minesweeper,GeneralSheaf,5,6,true,last,masking,mean,auc,4,conviction,1,0.9457322141988634
minesweeper,GeneralSheaf,5,6,true,last,masking,mean,auc,4,conviction,2,0.9462982952430582
minesweeper,GeneralSheaf,5,6,true,last,masking,mean,auc,4,conviction,3,0.9466798183577756
minesweeper,GeneralSheaf,5,6,true,last,masking,mean,auc,4,conviction,4,0.9418254795404353
minesweeper,GeneralSheaf,5,6,true,last,masking,mean,auc,4,conviction,5,0.942255080771235
minesweeper,GeneralSheaf,5,6,true,last,masking,mean,auc,4,conviction,6,0.9446962083426388
minesweeper,GeneralSheaf,5,6,true,last,masking,mean,auc,4,conviction,7,0.9426598674905085
minesweeper,GeneralSheaf,5,6,true,last,masking,mean,auc,4,conviction,8,0.931453013722425
minesweeper,GeneralSheaf,5,6,true,last,masking,mean,auc,4,conviction,9,0.9259736593960146
minesweeper,GeneralSheaf,5,6,true,last,masking,mean,auc,4,conviction,10,0.9195575572594853
minesweeper,GeneralSheaf,5,6,true,last,masking,mean,auc,4,confidence,1,0.943460135487233
minesweeper,GeneralSheaf,5,6,true,last,masking,mean,auc,4,confidence,2,0.9416161070994318
minesweeper,GeneralSheaf,5,6,true,last,masking,mean,auc,4,confidence,3,0.9393331720390083
minesweeper,GeneralSheaf,5,6,true,last,masking,mean,auc,4,confidence,4,0.9396914315491701
minesweeper,GeneralSheaf,5,6,true,last,masking,mean,auc,4,confidence,5,0.9366485520732524
minesweeper,GeneralSheaf,5,6,true,last,masking,mean,auc,4,confidence,6,0.9368889426536637
minesweeper,GeneralSheaf,5,6,true,last,masking,mean,auc,4,confidence,7,0.9339670339214372
minesweeper,GeneralSheaf,5,6,true,last,masking,mean,auc,4,confidence,8,0.937006811583414
minesweeper,GeneralSheaf,5,6,true,last,masking,mean,auc,4,confidence,9,0.9392664830392814
minesweeper,GeneralSheaf,5,6,true,last,masking,mean,auc,4,confidence,10,0.9440975582520659
minesweeper,GeneralSheaf,5,6,true,last,masking,mean,auc,4,degree,1,0.9435159681381672
minesweeper,GeneralSheaf,5,6,true,last,masking,mean,auc,4,degree,2,0.940431214174049
minesweeper,GeneralSheaf,5,6,true,last,masking,mean,auc,4,degree,3,0.9382134172063824
minesweeper,GeneralSheaf,5,6,true,last,masking,mean,auc,4,degree,4,0.9395999280379167
minesweeper,GeneralSheaf,5,6,true,last,masking,mean,auc,4,degree,5,0.93777451053376
minesweeper,GeneralSheaf,5,6,true,last,masking,mean,auc,4,degree,6,0.9393967592247945
minesweeper,GeneralSheaf,5,6,true,last,masking,mean,auc,4,degree,7,0.9362608253306535
minesweeper,GeneralSheaf,5,6,true,last,masking,mean,auc,4,degree,8,0.940192374500608
minesweeper,GeneralSheaf,5,6,true,last,masking,mean,auc,4,degree,9,0.9370967641876969
minesweeper,GeneralSheaf,5,6,true,last,masking,mean,auc,4,degree,10,0.9426366038859526
minesweeper,GeneralSheaf,5,6,true,last,masking,mean,auc,5,baseline,,0.9570604738154613
minesweeper,GeneralSheaf,5,6,true,last,masking,mean,auc,5,conviction,1,0.955449129701
minesweeper,GeneralSheaf,5,6,true,last,masking,mean,auc,5,conviction,2,0.9527113403360286
minesweeper,GeneralSheaf,5,6,true,last,masking,mean,auc,5,conviction,3,0.9535300007556864
minesweeper,GeneralSheaf,5,6,true,last,masking,mean,auc,5,conviction,4,0.9505702284692311
minesweeper,GeneralSheaf,5,6,true,last,masking,mean,auc,5,conviction,5,0.9496382150683897
minesweeper,GeneralSheaf,5,6,true,last,masking,mean,auc,5,conviction,6,0.9513715710723193
minesweeper,GeneralSheaf,5,6,true,last,masking,mean,auc,5,conviction,7,0.9474309806292349
minesweeper,GeneralSheaf,5,6,true,last,masking,mean,auc,5,conviction,8,0.9511621829265221
minesweeper,GeneralSheaf,5,6,true,last,masking,mean,auc,5,conviction,9,0.9425851406836445
minesweeper,GeneralSheaf,5,6,true,last,masking,mean,auc,5,conviction,10,0.9287214413461297
minesweeper,GeneralSheaf,5,6,true,last,masking,mean,auc,5,confidence,1,0.9477253835109196
minesweeper,GeneralSheaf,5,6,true,last,masking,mean,auc,5,confidence,2,0.9491186805712991
minesweeper,GeneralSheaf,5,6,true,last,masking,mean,auc,5,confidence,3,0.9471727877276506
minesweeper,GeneralSheaf,5,6,true,last,masking,mean,auc,5,confidence,4,0.9503104612206857
minesweeper,GeneralSheaf,5,6,true,last,masking,mean,auc,5,confidence,5,0.9431156956094612
minesweeper,GeneralSheaf,5,6,true,last,masking,mean,auc,5,confidence,6,0.9471822338094159
minesweeper,GeneralSheaf,5,6,true,last,masking,mean,auc,5,confidence,7,0.9452599561701807
minesweeper,GeneralSheaf,5,6,true,last,masking,mean,auc,5,confidence,8,0.9515825335650772
minesweeper,GeneralSheaf,5,6,true,last,masking,mean,auc,5,confidence,9,0.9532497669966498
minesweeper,GeneralSheaf,5,6,true,last,masking,mean,auc,5,confidence,10,0.9524200861482657
minesweeper,GeneralSheaf,5,6,true,last,masking,mean,auc,5,degree,1,0.9494681855966144
minesweeper,GeneralSheaf,5,6,true,last,masking,mean,auc,5,degree,2,0.9471098138492153
minesweeper,GeneralSheaf,5,6,true,last,masking,mean,auc,5,degree,3,0.9510582760271039
minesweeper,GeneralSheaf,5,6,true,last,masking,mean,auc,5,degree,4,0.95012153958538
minesweeper,GeneralSheaf,5,6,true,last,masking,mean,auc,5,degree,5,0.9517273734854783
minesweeper,GeneralSheaf,5,6,true,last,masking,mean,auc,5,degree,6,0.9464627572482934
minesweeper,GeneralSheaf,5,6,true,last,masking,mean,auc,5,degree,7,0.9470783269099977
minesweeper,GeneralSheaf,5,6,true,last,masking,mean,auc,5,degree,8,0.9478544799617118
minesweeper,GeneralSheaf,5,6,true,last,masking,mean,auc,5,degree,9,0.9485141313383207
minesweeper,GeneralSheaf,5,6,true,last,masking,mean,auc,5,degree,10,0.9486290586664652
minesweeper,GeneralSheaf,5,6,true,last,masking,mean,auc,6,baseline,,0.9630511923372789
minesweeper,GeneralSheaf,5,6,true,last,masking,mean,auc,6,conviction,1,0.961799610412169
minesweeper,GeneralSheaf,5,6,true,last,masking,mean,auc,6,conviction,2,0.9622043971314425
minesweeper,GeneralSheaf,5,6,true,last,masking,mean,auc,6,conviction,3,0.9588683962381199
minesweeper,GeneralSheaf,5,6,true,last,masking,mean,auc,6,conviction,4,0.9547383309759547
minesweeper,GeneralSheaf,5,6,true,last,masking,mean,auc,6,conviction,5,0.9573841782674508
minesweeper,GeneralSheaf,5,6,true,last,masking,mean,auc,6,conviction,6,0.9565079158291768
minesweeper,GeneralSheaf,5,6,true,last,masking,mean,auc,6,conviction,7,0.9555789225539093
minesweeper,GeneralSheaf,5,6,true,last,masking,mean,auc,6,conviction,8,0.953209136703144
minesweeper,GeneralSheaf,5,6,true,last,masking,mean,auc,6,conviction,9,0.9482881088860765
minesweeper,GeneralSheaf,5,6,true,last,masking,mean,auc,6,conviction,10,0.9410934514504082
minesweeper,GeneralSheaf,5,6,true,last,masking,mean,auc,6,confidence,1,0.9588435817265937
minesweeper,GeneralSheaf,5,6,true,last,masking,mean,auc,6,confidence,2,0.9591087868185314
minesweeper,GeneralSheaf,5,6,true,last,masking,mean,auc,6,confidence,3,0.9551152013697611
minesweeper,GeneralSheaf,5,6,true,last,masking,mean,auc,6,confidence,4,0.9571872130822104
minesweeper,GeneralSheaf,5,6,true,last,masking,mean,auc,6,confidence,5,0.9521653763120672
minesweeper,GeneralSheaf,5,6,true,last,masking,mean,auc,6,confidence,6,0.9513899228268691
minesweeper,GeneralSheaf,5,6,true,last,masking,mean,auc,6,confidence,7,0.9525422467058737
minesweeper,GeneralSheaf,5,6,true,last,masking,mean,auc,6,confidence,8,0.9572073748728256
minesweeper,GeneralSheaf,5,6,true,last,masking,mean,auc,6,confidence,9,0.9489224298369687
minesweeper,GeneralSheaf,5,6,true,last,masking,mean,auc,6,confidence,10,0.9600905109307922
minesweeper,GeneralSheaf,5,6,true,last,masking,mean,auc,6,degree,1,0.9555230899029753
minesweeper,GeneralSheaf,5,6,true,last,masking,mean,auc,6,degree,2,0.9567746718280851
minesweeper,GeneralSheaf,5,6,true,last,masking,mean,auc,6,degree,3,0.9592204521204
minesweeper,GeneralSheaf,5,6,true,last,masking,mean,auc,6,degree,4,0.9498328122285913
minesweeper,GeneralSheaf,5,6,true,last,masking,mean,auc,6,degree,5,0.9563249088066701
minesweeper,GeneralSheaf,5,6,true,last,masking,mean,auc,6,degree,6,0.9573671182907764
minesweeper,GeneralSheaf,5,6,true,last,masking,mean,auc,6,degree,7,0.9543490533263852
minesweeper,GeneralSheaf,5,6,true,last,masking,mean,auc,6,degree,8,0.9563900468994269
minesweeper,GeneralSheaf,5,6,true,last,masking,mean,auc,6,degree,9,0.9585411548673664
minesweeper,GeneralSheaf,5,6,true,last,masking,mean,auc,6,degree,10,0.9551027941139979
minesweeper,GeneralSheaf,5,6,true,last,masking,mean,auc,7,baseline,,0.9535549585442671
minesweeper,GeneralSheaf,5,6,true,last,masking,mean,auc,7,conviction,1,0.9499348161144311
minesweeper,GeneralSheaf,5,6,true,last,masking,mean,auc,7,conviction,2,0.9498830345230916
minesweeper,GeneralSheaf,5,6,true,last,masking,mean,auc,7,conviction,3,0.9473822882589811
minesweeper,GeneralSheaf,5,6,true,last,masking,mean,auc,7,conviction,4,0.9471721159176612
minesweeper,GeneralSheaf,5,6,true,last,masking,mean,auc,7,conviction,5,0.9476518571315434
minesweeper,GeneralSheaf,5,6,true,last,masking,mean,auc,7,conviction,6,0.9427371749182155
minesweeper,GeneralSheaf,5,6,true,last,masking,mean,auc,7,conviction,7,0.9427067151586039
minesweeper,GeneralSheaf,5,6,true,last,masking,mean,auc,7,conviction,8,0.9438778929156691
minesweeper,GeneralSheaf,5,6,true,last,masking,mean,auc,7,conviction,9,0.937463067541471
minesweeper,GeneralSheaf,5,6,true,last,masking,mean,auc,7,conviction,10,0.9181774707434008
minesweeper,GeneralSheaf,5,6,true,last,masking,mean,auc,7,confidence,1,0.940096313759892
minesweeper,GeneralSheaf,5,6,true,last,masking,mean,auc,7,confidence,2,0.9413619167717528
minesweeper,GeneralSheaf,5,6,true,last,masking,mean,auc,7,confidence,3,0.9463161966725758
minesweeper,GeneralSheaf,5,6,true,last,masking,mean,auc,7,confidence,4,0.9436829504541551
minesweeper,GeneralSheaf,5,6,true,last,masking,mean,auc,7,confidence,5,0.9378757972842078
minesweeper,GeneralSheaf,5,6,true,last,masking,mean,auc,7,confidence,6,0.9371432400655494
minesweeper,GeneralSheaf,5,6,true,last,masking,mean,auc,7,confidence,7,0.9445175478675122
minesweeper,GeneralSheaf,5,6,true,last,masking,mean,auc,7,confidence,8,0.9446378639179781
minesweeper,GeneralSheaf,5,6,true,last,masking,mean,auc,7,confidence,9,0.9454496165116264
minesweeper,GeneralSheaf,5,6,true,last,masking,mean,auc,7,confidence,10,0.9490179773501226
minesweeper,GeneralSheaf,5,6,true,last,masking,mean,auc,7,degree,1,0.9469162539369239
minesweeper,GeneralSheaf,5,6,true,last,masking,mean,auc,7,degree,2,0.9444809961559784
minesweeper,GeneralSheaf,5,6,true,last,masking,mean,auc,7,degree,3,0.9394612277719904
minesweeper,GeneralSheaf,5,6,true,last,masking,mean,auc,7,degree,4,0.9431895023484473
minesweeper,GeneralSheaf,5,6,true,last,masking,mean,auc,7,degree,5,0.9420685831947414
minesweeper,GeneralSheaf,5,6,true,last,masking,mean,auc,7,degree,6,0.9428711978605064
minesweeper,GeneralSheaf,5,6,true,last,masking,mean,auc,7,degree,7,0.941115192718899
minesweeper,GeneralSheaf,5,6,true,last,masking,mean,auc,7,degree,8,0.9476107364560679
minesweeper,GeneralSheaf,5,6,true,last,masking,mean,auc,7,degree,9,0.9427843875456136
minesweeper,GeneralSheaf,5,6,true,last,masking,mean,auc,7,degree,10,0.9432291000359424
minesweeper,GeneralSheaf,5,6,true,last,masking,mean,auc,8,baseline,,0.9568078892446285
minesweeper,GeneralSheaf,5,6,true,last,masking,mean,auc,8,conviction,1,0.956087149088615
minesweeper,GeneralSheaf,5,6,true,last,masking,mean,auc,8,conviction,2,0.9554938867833253
minesweeper,GeneralSheaf,5,6,true,last,masking,mean,auc,8,conviction,3,0.9551653861679994
minesweeper,GeneralSheaf,5,6,true,last,masking,mean,auc,8,conviction,4,0.9530178746827356
minesweeper,GeneralSheaf,5,6,true,last,masking,mean,auc,8,conviction,5,0.9521238953962518
minesweeper,GeneralSheaf,5,6,true,last,masking,mean,auc,8,conviction,6,0.9494583008509964
minesweeper,GeneralSheaf,5,6,true,last,masking,mean,auc,8,conviction,7,0.9406083962142348
minesweeper,GeneralSheaf,5,6,true,last,masking,mean,auc,8,conviction,8,0.932078820535701
minesweeper,GeneralSheaf,5,6,true,last,masking,mean,auc,8,conviction,9,0.9376894802989518
minesweeper,GeneralSheaf,5,6,true,last,masking,mean,auc,8,conviction,10,0.945498315821472
minesweeper,GeneralSheaf,5,6,true,last,masking,mean,auc,8,confidence,1,0.9535506667255027
minesweeper,GeneralSheaf,5,6,true,last,masking,mean,auc,8,confidence,2,0.9488519638943502
minesweeper,GeneralSheaf,5,6,true,last,masking,mean,auc,8,confidence,3,0.950515713279433
minesweeper,GeneralSheaf,5,6,true,last,masking,mean,auc,8,confidence,4,0.950466683336847
minesweeper,GeneralSheaf,5,6,true,last,masking,mean,auc,8,confidence,5,0.9402880672560066
minesweeper,GeneralSheaf,5,6,true,last,masking,mean,auc,8,confidence,6,0.9389413781663128
minesweeper,GeneralSheaf,5,6,true,last,masking,mean,auc,8,confidence,7,0.9502084589725613
minesweeper,GeneralSheaf,5,6,true,last,masking,mean,auc,8,confidence,8,0.9484074257482378
minesweeper,GeneralSheaf,5,6,true,last,masking,mean,auc,8,confidence,9,0.9451943301774394
minesweeper,GeneralSheaf,5,6,true,last,masking,mean,auc,8,confidence,10,0.9491330688985097
minesweeper,GeneralSheaf,5,6,true,last,masking,mean,auc,8,degree,1,0.9483355151657784
minesweeper,GeneralSheaf,5,6,true,last,masking,mean,auc,8,degree,2,0.9500940557731941
minesweeper,GeneralSheaf,5,6,true,last,masking,mean,auc,8,degree,3,0.9483322465029392
minesweeper,GeneralSheaf,5,6,true,last,masking,mean,auc,8,degree,4,0.9426137208659997
minesweeper,GeneralSheaf,5,6,true,last,masking,mean,auc,8,degree,5,0.952733501015737
minesweeper,GeneralSheaf,5,6,true,last,masking,mean,auc,8,degree,6,0.9484531870279848
minesweeper,GeneralSheaf,5,6,true,last,masking,mean,auc,8,degree,7,0.9497410401865752
minesweeper,GeneralSheaf,5,6,true,last,masking,mean,auc,8,degree,8,0.9486068141814207
minesweeper,GeneralSheaf,5,6,true,last,masking,mean,auc,8,degree,9,0.9472911773886978
minesweeper,GeneralSheaf,5,6,true,last,masking,mean,auc,8,degree,10,0.9489663670937175
minesweeper,GeneralSheaf,5,6,true,last,masking,mean,auc,9,baseline,,0.9534434707477708
minesweeper,GeneralSheaf,5,6,true,last,masking,mean,auc,9,conviction,1,0.9531939382313446
minesweeper,GeneralSheaf,5,6,true,last,masking,mean,auc,9,conviction,2,0.9502572524286531
minesweeper,GeneralSheaf,5,6,true,last,masking,mean,auc,9,conviction,3,0.949018947315888
minesweeper,GeneralSheaf,5,6,true,last,masking,mean,auc,9,conviction,4,0.947267540966221
minesweeper,GeneralSheaf,5,6,true,last,masking,mean,auc,9,conviction,5,0.9467310460559046
minesweeper,GeneralSheaf,5,6,true,last,masking,mean,auc,9,conviction,6,0.9460385933228218
minesweeper,GeneralSheaf,5,6,true,last,masking,mean,auc,9,conviction,7,0.9467544397293196
minesweeper,GeneralSheaf,5,6,true,last,masking,mean,auc,9,conviction,8,0.9465626116073169
minesweeper,GeneralSheaf,5,6,true,last,masking,mean,auc,9,conviction,9,0.9445039683468004
minesweeper,GeneralSheaf,5,6,true,last,masking,mean,auc,9,conviction,10,0.9235479157016777
minesweeper,GeneralSheaf,5,6,true,last,masking,mean,auc,9,confidence,1,0.9442481975174635
minesweeper,GeneralSheaf,5,6,true,last,masking,mean,auc,9,confidence,2,0.9447316667680393
minesweeper,GeneralSheaf,5,6,true,last,masking,mean,auc,9,confidence,3,0.9458124544798104
minesweeper,GeneralSheaf,5,6,true,last,masking,mean,auc,9,confidence,4,0.9451652295153298
minesweeper,GeneralSheaf,5,6,true,last,masking,mean,auc,9,confidence,5,0.9451543124677362
minesweeper,GeneralSheaf,5,6,true,last,masking,mean,auc,9,confidence,6,0.9366826835350648
minesweeper,GeneralSheaf,5,6,true,last,masking,mean,auc,9,confidence,7,0.9449749609715549
minesweeper,GeneralSheaf,5,6,true,last,masking,mean,auc,9,confidence,8,0.9506050383734223
minesweeper,GeneralSheaf,5,6,true,last,masking,mean,auc,9,confidence,9,0.950648706563797
minesweeper,GeneralSheaf,5,6,true,last,masking,mean,auc,9,confidence,10,0.9477354144345204
minesweeper,GeneralSheaf,5,6,true,last,masking,mean,auc,9,degree,1,0.9452104572839322
minesweeper,GeneralSheaf,5,6,true,last,masking,mean,auc,9,degree,2,0.9470850703135844
minesweeper,GeneralSheaf,5,6,true,last,masking,mean,auc,9,degree,3,0.9459840080848535
minesweeper,GeneralSheaf,5,6,true,last,masking,mean,auc,9,degree,4,0.9441826952319013
minesweeper,GeneralSheaf,5,6,true,last,masking,mean,auc,9,degree,5,0.9445008491903449
minesweeper,GeneralSheaf,5,6,true,last,masking,mean,auc,9,degree,6,0.9487865701599659
minesweeper,GeneralSheaf,5,6,true,last,masking,mean,auc,9,degree,7,0.946938469960184
minesweeper,GeneralSheaf,5,6,true,last,masking,mean,auc,9,degree,8,0.94452424286376
minesweeper,GeneralSheaf,5,6,true,last,masking,mean,auc,9,degree,9,0.9464783943830232
minesweeper,GeneralSheaf,5,6,true,last,masking,mean,auc,9,degree,10,0.9447238688769011
