model,map_type,normalised,use_other,content_normalised,reference,checkpoint,depth_bin,mean,se_across,n_datasets,mean_pooled,se_pooled,n_obs
GeneralSheaf,,False,False,False,topological,epoch-0,first,0.4370807559316224,0.04099779777620995,10,0.42850279059377105,0.011737033404257146,110
GeneralSheaf,,False,False,False,topological,epoch-0,last,0.4632595201091633,0.03995103279610713,10,0.4521033526831262,0.011953759273986387,110
GeneralSheaf,,False,False,False,topological,epoch-0,middle,0.47178303402860755,0.047233218205481764,8,0.4868478050488082,0.009564605996112741,200
GeneralSheaf,,False,False,False,topological,epoch-1,first,0.4419449613734504,0.04174579703699464,10,0.4327119031262226,0.01209325486368776,110
GeneralSheaf,,False,False,False,topological,epoch-1,last,0.4906712815161975,0.044874363017981166,10,0.4780065258803992,0.013388101516071142,110
GeneralSheaf,,False,False,False,topological,epoch-1,middle,0.5047255802859916,0.04713534164685914,8,0.5265162115487914,0.009682798623482388,200
GeneralSheaf,,False,False,False,topological,epoch-15,first,0.4725726130519588,0.040059974098939334,10,0.46371996808648175,0.011736228012685689,110
GeneralSheaf,,False,False,False,topological,epoch-15,last,0.5259028144518223,0.03749611594832335,10,0.5230912663987598,0.011499753626538108,110
GeneralSheaf,,False,False,False,topological,epoch-15,middle,0.5603116477718217,0.03671945509852176,8,0.5808688791264032,0.007736270584620111,200
GeneralSheaf,,False,False,False,topological,epoch-200,first,0.4600483508838725,0.03853294182621593,10,0.4554223960875461,0.01099261907402832,110
GeneralSheaf,,False,False,False,topological,epoch-200,last,0.4686639822379835,0.031877450193297886,10,0.4688339594972136,0.010702030632466905,110
GeneralSheaf,,False,False,False,topological,epoch-200,middle,0.5055286319660177,0.047010829756732236,8,0.5120133926246462,0.010106988884721611,200
GeneralSheaf,,False,False,False,topological,epoch-5,first,0.45297727680248023,0.04016414380663054,10,0.44385825117955224,0.011860012172702458,110
GeneralSheaf,,False,False,False,topological,epoch-5,last,0.5335028024735682,0.04466016571575359,10,0.5218646618601807,0.013367371571508671,110
GeneralSheaf,,False,False,False,topological,epoch-5,middle,0.5539361336966544,0.050821954466042624,8,0.5829489660894641,0.010006747711205369,200
GeneralSheaf,,False,False,False,topological,epoch-50,first,0.4644905054088081,0.038470681050491035,10,0.45952055390477,0.011011557394793555,110
GeneralSheaf,,False,False,False,topological,epoch-50,last,0.5021272916845256,0.04034490738858376,10,0.5023428628171652,0.011820786379376301,110
GeneralSheaf,,False,False,False,topological,epoch-50,middle,0.5322459205016772,0.04815816538228947,8,0.5350380744989635,0.01017836756136109,200
GeneralSheaf,,False,False,False,topological,last,first,0.45989014472223727,0.03870943684317431,10,0.4562256361564876,0.010983780260591073,110
GeneralSheaf,,False,False,False,topological,last,last,0.468713199029035,0.030438026376879933,10,0.46879740940889064,0.010515383137670462,110
GeneralSheaf,,False,False,False,topological,last,middle,0.5050635103356425,0.04705276730917855,8,0.5114817004245793,0.010078349752030744,200
GeneralSheaf,,False,False,False,zero,epoch-0,first,0.17150453381490277,0.1432369079069502,10,0.1559263623302842,0.04135246705773314,110
GeneralSheaf,,False,False,False,zero,epoch-0,last,8.360582099539128,7.008295077669732,10,7.600543251234504,1.9411241973021396,110
GeneralSheaf,,False,False,False,zero,epoch-0,middle,7.618974942769237,6.955008690639145,8,6.571106704047461,1.2311929289680794,200
GeneralSheaf,,False,False,False,zero,epoch-1,first,0.2290499476573419,0.18035741438566147,10,0.20823881526649382,0.05256095273468615,110
GeneralSheaf,,False,False,False,zero,epoch-1,last,8.671157639593341,6.71730453601451,10,7.882883167560271,1.861767026903088,110
GeneralSheaf,,False,False,False,zero,epoch-1,middle,8.77458269104995,7.723513414702028,8,7.716531500410747,1.3422378362564373,200
GeneralSheaf,,False,False,False,zero,epoch-15,first,0.6026934844335651,0.40886994346963246,10,0.5481278319209044,0.12226983132432998,110
GeneralSheaf,,False,False,False,zero,epoch-15,last,6.954581844312067,4.448429699294844,10,6.3243180631529725,1.289824303207983,110
GeneralSheaf,,False,False,False,zero,epoch-15,middle,9.075365327034614,6.93241049731657,8,8.132956623192795,1.2289880928253545,200
GeneralSheaf,,False,False,False,zero,epoch-200,first,1.2765440613394419,0.5303800176993245,10,1.1806675326747342,0.15963033305702362,110
GeneralSheaf,,False,False,False,zero,epoch-200,last,5.679964874731452,2.724483650492129,10,5.408651566118235,0.845513095395864,110
GeneralSheaf,,False,False,False,zero,epoch-200,middle,11.338062051439312,6.260510520929347,8,10.281322174087672,1.1275915101113652,200
GeneralSheaf,,False,False,False,zero,epoch-5,first,0.3993779243899317,0.28677677893856873,10,0.3631223938109015,0.08234164033180827,110
GeneralSheaf,,False,False,False,zero,epoch-5,last,8.101167875832889,6.057203463459406,10,7.364761839027576,1.68345598725243,110
GeneralSheaf,,False,False,False,zero,epoch-5,middle,8.717696968328905,7.219977077967246,8,7.775275447650706,1.2514484977888936,200
GeneralSheaf,,False,False,False,zero,epoch-50,first,1.0640063348690718,0.5729914892719274,10,0.9688476340531583,0.16913856165181598,110
GeneralSheaf,,False,False,False,zero,epoch-50,last,6.004402275493463,3.4483057338511625,10,5.49610636666263,1.03863713753485,110
GeneralSheaf,,False,False,False,zero,epoch-50,middle,10.239735067006789,6.553636883333773,8,9.384580883312406,1.1448935111036154,200
GeneralSheaf,,False,False,False,zero,last,first,1.3469094057798459,0.5906831014772055,10,1.2477323941357856,0.18597854215020143,110
GeneralSheaf,,False,False,False,zero,last,last,5.536305953532823,2.635700631684359,10,5.292912331319498,0.8931816311118669,110
GeneralSheaf,,False,False,False,zero,last,middle,12.124823689028688,7.012535257855575,8,10.912057579546385,1.255547806617755,200
GeneralSheaf,,False,True,True,topological,epoch-0,first,0.4080245948919289,0.04692187895927501,10,0.40802459489192894,0.014466883902783025,100
GeneralSheaf,,False,True,True,topological,epoch-0,last,0.4198371863607007,0.05244427452106336,10,0.41983718636070066,0.016262476841529268,100
GeneralSheaf,,False,True,True,topological,epoch-0,middle,0.419227136406488,0.0623936490519992,8,0.4493866847194111,0.012837576063446245,190
GeneralSheaf,,False,True,True,topological,epoch-1,first,0.41636723444219886,0.05081461324555122,10,0.4163672344421988,0.015712621780784548,100
GeneralSheaf,,False,True,True,topological,epoch-1,last,0.4252009868012552,0.057097747936167495,10,0.4252009868012551,0.017573142551834665,100
GeneralSheaf,,False,True,True,topological,epoch-1,middle,0.45186265499762107,0.06597010710321877,8,0.486843407911023,0.013463627704108852,190
GeneralSheaf,,False,True,True,topological,epoch-15,first,0.4243074326061726,0.05348983075915648,10,0.42430743260617265,0.016590756086787273,100
GeneralSheaf,,False,True,True,topological,epoch-15,last,0.3976846360322698,0.07451410925959702,10,0.3976846360322698,0.023202940618728556,100
GeneralSheaf,,False,True,True,topological,epoch-15,middle,0.42035103816632935,0.07012138470225462,8,0.4414281713046195,0.015042426347349891,190
GeneralSheaf,,False,True,True,topological,epoch-200,first,0.28655446541159163,0.05817516341785295,10,0.28655446541159163,0.01840152422585655,100
GeneralSheaf,,False,True,True,topological,epoch-200,last,0.20315042596777672,0.03354211850426295,10,0.20315042596777672,0.014348650172153773,100
GeneralSheaf,,False,True,True,topological,epoch-200,middle,0.20700188904379135,0.07004766898141039,8,0.24272901040225167,0.017541164277484745,190
GeneralSheaf,,False,True,True,topological,epoch-5,first,0.4504192327949525,0.050493103810861535,10,0.4504192327949525,0.01576591510399185,100
GeneralSheaf,,False,True,True,topological,epoch-5,last,0.44845603169947007,0.06277215216684254,10,0.4484560316994701,0.019592808658083393,100
GeneralSheaf,,False,True,True,topological,epoch-5,middle,0.49905957580382165,0.06766210286167595,8,0.5293555673654041,0.013413969743166394,190
GeneralSheaf,,False,True,True,topological,epoch-50,first,0.3521762261261082,0.06005378128347604,10,0.35217622612610827,0.018691476509879,100
GeneralSheaf,,False,True,True,topological,epoch-50,last,0.3514451580689775,0.07295910028378683,10,0.3514451580689775,0.022980165248729124,100
GeneralSheaf,,False,True,True,topological,epoch-50,middle,0.3479438173645947,0.09825758050242173,8,0.3455105406247738,0.02001496326592038,190
GeneralSheaf,,False,True,True,topological,last,first,0.2901115398030599,0.05936439315053699,10,0.2901115398030599,0.018801204743592485,100
GeneralSheaf,,False,True,True,topological,last,last,0.20872439274364055,0.03153486281263515,10,0.20872439274364055,0.01416438493187691,100
GeneralSheaf,,False,True,True,topological,last,middle,0.2054369107333806,0.0694147669046827,8,0.24136693049878263,0.017382065952446644,190
GeneralSheaf,,False,True,True,zero,epoch-0,first,0.03753708185197547,0.027378483444441683,10,0.03753708185197547,0.008349359803716273,100
GeneralSheaf,,False,True,True,zero,epoch-0,last,0.10817117583143736,0.06264085298432298,10,0.10817117583143736,0.019051279058427757,100
GeneralSheaf,,False,True,True,zero,epoch-0,middle,0.10810555743182271,0.07806272876873535,8,0.1128529764482565,0.014164307901537138,190
GeneralSheaf,,False,True,True,zero,epoch-1,first,0.042972915771154085,0.02941632212196761,10,0.04297291577115409,0.008978369175588082,100
GeneralSheaf,,False,True,True,zero,epoch-1,last,0.13811367741440841,0.07158572342823831,10,0.1381136774144084,0.02162377854821232,100
GeneralSheaf,,False,True,True,zero,epoch-1,middle,0.12333753084263466,0.07689322178455442,8,0.1284635085009606,0.014066956142830234,190
GeneralSheaf,,False,True,True,zero,epoch-15,first,0.07426772270138955,0.035861306321494334,10,0.07426772270138955,0.010986493114459558,100
GeneralSheaf,,False,True,True,zero,epoch-15,last,0.190467167861407,0.07372039083153845,10,0.19046716786140702,0.022340377928205507,100
GeneralSheaf,,False,True,True,zero,epoch-15,middle,0.19683732385560754,0.07708306250654065,8,0.2029291052024418,0.01410237172703608,190
GeneralSheaf,,False,True,True,zero,epoch-200,first,0.1813154420091476,0.04125025127512453,10,0.1813154420091476,0.013388266962483217,100
GeneralSheaf,,False,True,True,zero,epoch-200,last,0.2887452122114262,0.059574008726860535,10,0.2887452122114262,0.018820377053925592,100
GeneralSheaf,,False,True,True,zero,epoch-200,middle,0.35572700173432786,0.05700522484419992,8,0.33208803595565717,0.012035217990345496,190
GeneralSheaf,,False,True,True,zero,epoch-5,first,0.0564237117625684,0.03385028626632252,10,0.05642371176256839,0.010315904113107883,100
GeneralSheaf,,False,True,True,zero,epoch-5,last,0.15549135458697272,0.07368364384143924,10,0.15549135458697275,0.022328205152890093,100
GeneralSheaf,,False,True,True,zero,epoch-5,middle,0.1464793505096119,0.07508699069400132,8,0.14999732768196347,0.01395283627550733,190
GeneralSheaf,,False,True,True,zero,epoch-50,first,0.12507372425647176,0.04190914606782651,10,0.12507372425647179,0.01299099020852815,100
GeneralSheaf,,False,True,True,zero,epoch-50,last,0.22321261967175393,0.061185302248015404,10,0.22321261967175393,0.01901391690399473,100
GeneralSheaf,,False,True,True,zero,epoch-50,middle,0.2554593004616834,0.08051905963813122,8,0.2604570051783571,0.014291777993873635,190
GeneralSheaf,,False,True,True,zero,last,first,0.18395951604014288,0.04221460364072707,10,0.18395951604014285,0.01381799772414706,100
GeneralSheaf,,False,True,True,zero,last,last,0.2893486596257566,0.059979357814927754,10,0.2893486596257566,0.01920776231306964,100
GeneralSheaf,,False,True,True,zero,last,middle,0.35581780155308285,0.05662249066317463,8,0.33249482885620546,0.011936990319397772,190
GeneralSheaf,,True,False,True,topological,epoch-0,first,0.4083631817697584,0.04680958776626136,10,0.4049525146150046,0.013141406613593278,110
GeneralSheaf,,True,False,True,topological,epoch-0,last,0.4079084905808113,0.04749255993253627,10,0.4031203335514219,0.013299261605501765,110
GeneralSheaf,,True,False,True,topological,epoch-0,middle,0.42235687135794275,0.05723573676359798,8,0.44976697376922764,0.011803390145145847,200
GeneralSheaf,,True,False,True,topological,epoch-1,first,0.41186612386056715,0.046005307513658875,10,0.40825781737645767,0.012890350864560675,110
GeneralSheaf,,True,False,True,topological,epoch-1,last,0.417184444702371,0.04572483279473304,10,0.4119887600954641,0.013007300041743674,110
GeneralSheaf,,True,False,True,topological,epoch-1,middle,0.42731603307694066,0.05845672791439298,8,0.45556395435505925,0.011959996930733388,200
GeneralSheaf,,True,False,True,topological,epoch-15,first,0.3531083557593108,0.06081417188060131,10,0.362190530337822,0.017159848758678365,110
GeneralSheaf,,True,False,True,topological,epoch-15,last,0.3496962939862528,0.06021987485434866,10,0.36248237144619955,0.017737260541044964,110
GeneralSheaf,,True,False,True,topological,epoch-15,middle,0.35164158364983084,0.0750486439941302,8,0.3727318325915549,0.015268638083057486,200
GeneralSheaf,,True,False,True,topological,epoch-200,first,0.3342576628380664,0.05842141674300148,10,0.3432518709137888,0.016510576089772605,110
GeneralSheaf,,True,False,True,topological,epoch-200,last,0.2590982098731375,0.05452451971613457,10,0.26403326570536434,0.016031710418424664,110
GeneralSheaf,,True,False,True,topological,epoch-200,middle,0.35004030230758154,0.0700955057989906,8,0.3717634650391963,0.014969514881955148,200
GeneralSheaf,,True,False,True,topological,epoch-5,first,0.40242936889092695,0.05870550155617035,10,0.410545245037662,0.016997908233548294,110
GeneralSheaf,,True,False,True,topological,epoch-5,last,0.3918403034290694,0.05981716401921723,10,0.4000969951056482,0.017050559088298018,110
GeneralSheaf,,True,False,True,topological,epoch-5,middle,0.3977318175952632,0.07355975061702812,8,0.4200460950526456,0.014982651018543895,200
GeneralSheaf,,True,False,True,topological,epoch-50,first,0.30990442823231523,0.057676815788106156,10,0.3171295421500665,0.016291917797976504,110
GeneralSheaf,,True,False,True,topological,epoch-50,last,0.2575626425550486,0.05526538350028556,10,0.26520307880454247,0.01602577023286867,110
GeneralSheaf,,True,False,True,topological,epoch-50,middle,0.3192840824415374,0.06908700404350242,8,0.34564605209373217,0.014731892975609267,200
GeneralSheaf,,True,False,True,topological,last,first,0.3385686956553097,0.05872712884382182,10,0.34711985422588315,0.016630484314665326,110
GeneralSheaf,,True,False,True,topological,last,last,0.252857238088344,0.05599463040750385,10,0.2590809597951571,0.01629443067308148,110
GeneralSheaf,,True,False,True,topological,last,middle,0.35455993509791145,0.07079283786103402,8,0.37568126609061486,0.015260741835214166,200
GeneralSheaf,,True,False,True,zero,epoch-0,first,0.037556982342277,0.027375996228174177,10,0.03415710317446776,0.0076557202947575825,110
GeneralSheaf,,True,False,True,zero,epoch-0,last,0.06706556239338701,0.05118081876058734,10,0.06098311551708652,0.014161971368286504,110
GeneralSheaf,,True,False,True,zero,epoch-0,middle,0.06491228976990315,0.04889363144231289,8,0.06323500920829142,0.008479462459266285,200
GeneralSheaf,,True,False,True,zero,epoch-1,first,0.04202603583062442,0.029083878174099114,10,0.038218340961147006,0.008080437016109429,110
GeneralSheaf,,True,False,True,zero,epoch-1,last,0.07171594654792021,0.051025685923626586,10,0.06520918619909691,0.014155789844353174,110
GeneralSheaf,,True,False,True,zero,epoch-1,middle,0.07152588846235164,0.05087447137633637,8,0.07042584309897841,0.008815930274421829,200
GeneralSheaf,,True,False,True,zero,epoch-15,first,0.15931925589486948,0.05184294581632321,10,0.14718666769380115,0.014844781803504015,110
GeneralSheaf,,True,False,True,zero,epoch-15,last,0.19823446969469063,0.05659103869038554,10,0.18237336105558832,0.016474982665220426,110
GeneralSheaf,,True,False,True,zero,epoch-15,middle,0.19824213596362583,0.06582803055165774,8,0.18958569946838522,0.011327321005937451,200
GeneralSheaf,,True,False,True,zero,epoch-200,first,0.125205949882461,0.036434267753652674,10,0.11581316327558272,0.010479230030004437,110
GeneralSheaf,,True,False,True,zero,epoch-200,last,0.277738496057051,0.033447908384658005,10,0.2690902089747735,0.01029355851742372,110
GeneralSheaf,,True,False,True,zero,epoch-200,middle,0.20357408519774683,0.04661135413610272,8,0.20042584846689648,0.008337283803422253,200
GeneralSheaf,,True,False,True,zero,epoch-5,first,0.10208054919797371,0.04368047468940389,10,0.09289093424046838,0.012391033433173089,110
GeneralSheaf,,True,False,True,zero,epoch-5,last,0.13852754692963182,0.058895077524586746,10,0.1260327213688413,0.01666279278037921,110
GeneralSheaf,,True,False,True,zero,epoch-5,middle,0.14598743260782657,0.06123785561483735,8,0.1397753472718456,0.010452786146490674,200
GeneralSheaf,,True,False,True,zero,epoch-50,first,0.16354290598994053,0.0445431813173105,10,0.15382479514436054,0.012674248403002575,110
GeneralSheaf,,True,False,True,zero,epoch-50,last,0.2801770572669696,0.042381972108890595,10,0.26956228213064376,0.012431715336956148,110
GeneralSheaf,,True,False,True,zero,epoch-50,middle,0.22870729718874144,0.055304410268953386,8,0.2190855442981332,0.009759261959717437,200
GeneralSheaf,,True,False,True,zero,last,first,0.12169922892663257,0.03412670285413459,10,0.11238539832827259,0.009951629716477515,110
GeneralSheaf,,True,False,True,zero,last,last,0.28035409349550944,0.03548009181429807,10,0.2709658345628367,0.010708824870180522,110
GeneralSheaf,,True,False,True,zero,last,middle,0.20470367083682103,0.04686514454190859,8,0.2029969929509788,0.008385128246682848,200
GeneralSheaf,,True,True,False,topological,epoch-0,first,0.43669523564036083,0.04113734181357664,10,0.43669523564036083,0.012616941309193726,100
GeneralSheaf,,True,True,False,topological,epoch-0,last,0.4460501485316358,0.042101108752920044,10,0.4460501485316358,0.012937484715289231,100
GeneralSheaf,,True,True,False,topological,epoch-0,middle,0.4684951362588179,0.04934912434999544,8,0.4934677353297966,0.010532095701625332,190
GeneralSheaf,,True,True,False,topological,epoch-1,first,0.4425869438248376,0.03937183454786841,10,0.44258694382483754,0.012120044338906738,100
GeneralSheaf,,True,True,False,topological,epoch-1,last,0.4554017405766374,0.039211944310551805,10,0.4554017405766374,0.012158032079515399,100
GeneralSheaf,,True,True,False,topological,epoch-1,middle,0.4718986735683159,0.048298472875552376,8,0.49984673658620715,0.0103125597637839,190
GeneralSheaf,,True,True,False,topological,epoch-15,first,0.45097107769180045,0.03801522406812406,10,0.4509710776918005,0.011728766157167728,100
GeneralSheaf,,True,True,False,topological,epoch-15,last,0.49136364970957586,0.03793470136216416,10,0.4913636497095758,0.011959613971162084,100
GeneralSheaf,,True,True,False,topological,epoch-15,middle,0.5145711252929522,0.042843582163674954,8,0.5238965717337987,0.009805930611242904,190
GeneralSheaf,,True,True,False,topological,epoch-200,first,0.4474653333684414,0.033828718209090426,10,0.44746533336844135,0.010586285190383906,100
GeneralSheaf,,True,True,False,topological,epoch-200,last,0.46585671882427804,0.041966761477403886,10,0.46585671882427804,0.01302401733280218,100
GeneralSheaf,,True,True,False,topological,epoch-200,middle,0.5064197217854084,0.04206917540507422,8,0.5143844775384371,0.009535704818097544,190
GeneralSheaf,,True,True,False,topological,epoch-5,first,0.4493622517783587,0.03747655590972629,10,0.44936225177835865,0.011725774888164684,100
GeneralSheaf,,True,True,False,topological,epoch-5,last,0.4692098993371542,0.03362874261006029,10,0.46920989933715423,0.010732171040242376,100
GeneralSheaf,,True,True,False,topological,epoch-5,middle,0.48293390042144974,0.04284472331582078,8,0.5079826803222451,0.009799597708120004,190
GeneralSheaf,,True,True,False,topological,epoch-50,first,0.45227911332319043,0.038020825812729,10,0.4522791133231905,0.011819857520251097,100
GeneralSheaf,,True,True,False,topological,epoch-50,last,0.4701657159642904,0.039987276128226584,10,0.4701657159642904,0.01242051513900432,100
GeneralSheaf,,True,True,False,topological,epoch-50,middle,0.5002663326467702,0.04237102652223913,8,0.5094604866966921,0.009709900599450412,190
GeneralSheaf,,True,True,False,topological,last,first,0.45099883648176925,0.03453117782110154,10,0.45099883648176925,0.010875798836449405,100
GeneralSheaf,,True,True,False,topological,last,last,0.47628802821838595,0.04308986746136018,10,0.4762880282183859,0.013367383610253756,100
GeneralSheaf,,True,True,False,topological,last,middle,0.5051865724442023,0.041501586659856766,8,0.5134882956164284,0.009409165480757747,190
GeneralSheaf,,True,True,False,zero,epoch-0,first,0.17155004644563063,0.14323102458476494,10,0.17155004644563066,0.045209671295887176,100
GeneralSheaf,,True,True,False,zero,epoch-0,last,1.2032559401878964,1.1281894876463694,10,1.2032559401878962,0.345809918591083,100
GeneralSheaf,,True,True,False,zero,epoch-0,middle,0.6501368389489063,0.5967153488735951,8,0.5868469072204537,0.11570998639927448,190
GeneralSheaf,,True,True,False,zero,epoch-1,first,0.18778946059502533,0.1447683030532344,10,0.1877894605950253,0.04523945676255616,100
GeneralSheaf,,True,True,False,zero,epoch-1,last,1.2485206924513552,1.1281218095359598,10,1.2485206924513552,0.3465637051080344,100
GeneralSheaf,,True,True,False,zero,epoch-1,middle,0.7346992875328243,0.6475209576876879,8,0.6827721180846587,0.12524693983481722,190
GeneralSheaf,,True,True,False,zero,epoch-15,first,0.9327379455567831,0.5396704120831894,10,0.932737945556783,0.17272945520612548,100
GeneralSheaf,,True,True,False,zero,epoch-15,last,2.942614285084373,1.6154960786333288,10,2.942614285084373,0.5018824782296067,100
GeneralSheaf,,True,True,False,zero,epoch-15,middle,2.45773370999257,1.2590241817995185,8,2.3370848593848565,0.23229582379710062,190
GeneralSheaf,,True,True,False,zero,epoch-200,first,0.8749924119807961,0.6715243813708773,10,0.8749924119807961,0.20794733565637635,100
GeneralSheaf,,True,True,False,zero,epoch-200,last,4.179201645056429,2.1323312108651016,10,4.179201645056429,0.6955311740530086,100
GeneralSheaf,,True,True,False,zero,epoch-200,middle,2.5479347981100635,1.593068641260402,8,2.5158563206197435,0.3006959227688405,190
GeneralSheaf,,True,True,False,zero,epoch-5,first,0.5301504590955461,0.3309327091808563,10,0.5301504590955463,0.10961258498651265,100
GeneralSheaf,,True,True,False,zero,epoch-5,last,1.7846915476979563,1.0718729100846818,10,1.7846915476979563,0.3311676370784041,100
GeneralSheaf,,True,True,False,zero,epoch-5,middle,1.5369705369726425,0.9075594561754468,8,1.4511024356015851,0.17209237263907878,190
GeneralSheaf,,True,True,False,zero,epoch-50,first,1.0273100590947495,0.6575958510908392,10,1.0273100590947497,0.20978895247870477,100
GeneralSheaf,,True,True,False,zero,epoch-50,last,3.9219119686713144,1.8487135619983057,10,3.921911968671314,0.5950146002956938,100
GeneralSheaf,,True,True,False,zero,epoch-50,middle,2.696517412581313,1.3883766627017802,8,2.6115943931737005,0.26826265502330005,190
GeneralSheaf,,True,True,False,zero,last,first,0.9384666315842887,0.7054339719111015,10,0.9384666315842887,0.2174018690620347,100
GeneralSheaf,,True,True,False,zero,last,last,4.005782606971038,1.8983053176656701,10,4.005782606971038,0.6204627269140609,100
GeneralSheaf,,True,True,False,zero,last,middle,2.9680498660837844,1.894573621052766,8,2.9411026991917573,0.35891902007264564,190
JointSheafParams,identity,False,False,False,topological,epoch-0,first,0.5809475318782892,0.046483023471297784,10,0.5809475318782892,0.014015158906870738,100
JointSheafParams,identity,False,False,False,topological,epoch-0,last,0.44785881899239516,0.05257863036799286,10,0.4478588189923951,0.015941962074668817,100
JointSheafParams,identity,False,False,False,topological,epoch-0,middle,0.4439284535079626,0.05750831926029832,8,0.4668743743183505,0.012677494757529648,190
JointSheafParams,identity,False,False,False,topological,epoch-1,first,0.5809475318782892,0.046483023471297784,10,0.5809475318782892,0.014015158906870738,100
JointSheafParams,identity,False,False,False,topological,epoch-1,last,0.4421431248194286,0.0534053537674291,10,0.4421431248194285,0.0161950212519286,100
JointSheafParams,identity,False,False,False,topological,epoch-1,middle,0.44264929229634287,0.05636217888679509,8,0.46503966848471806,0.012461298708297187,190
JointSheafParams,identity,False,False,False,topological,epoch-15,first,0.5809475318782892,0.046483023471297784,10,0.5809475318782892,0.014015158906870738,100
JointSheafParams,identity,False,False,False,topological,epoch-15,last,0.45203529972913203,0.042369789593055714,10,0.45203529972913203,0.013071965603272229,100
JointSheafParams,identity,False,False,False,topological,epoch-15,middle,0.44586801654621366,0.05161314779069939,8,0.46678027622551405,0.011679280272695996,190
JointSheafParams,identity,False,False,False,topological,epoch-200,first,0.5809475318782892,0.046483023471297784,10,0.5809475318782892,0.014015158906870738,100
JointSheafParams,identity,False,False,False,topological,epoch-200,last,0.4651734878965944,0.02711186894316131,10,0.46517348789659446,0.008920613139512522,100
JointSheafParams,identity,False,False,False,topological,epoch-200,middle,0.46758564456856555,0.03717570829649623,8,0.4844724840850628,0.008901102025897015,190
JointSheafParams,identity,False,False,False,topological,epoch-5,first,0.5809475318782892,0.046483023471297784,10,0.5809475318782892,0.014015158906870738,100
JointSheafParams,identity,False,False,False,topological,epoch-5,last,0.4513925989251938,0.047840784039095245,10,0.4513925989251938,0.01460282312951841,100
JointSheafParams,identity,False,False,False,topological,epoch-5,middle,0.44807063044255885,0.05188268023418972,8,0.47030758112367915,0.011583447439543511,190
JointSheafParams,identity,False,False,False,topological,epoch-50,first,0.5809475318782892,0.046483023471297784,10,0.5809475318782892,0.014015158906870738,100
JointSheafParams,identity,False,False,False,topological,epoch-50,last,0.4439425892956363,0.03339884184699088,10,0.4439425892956363,0.010730007524390116,100
JointSheafParams,identity,False,False,False,topological,epoch-50,middle,0.45268949703671857,0.04763257838865503,8,0.4696282046393761,0.01111107161572585,190
JointSheafParams,identity,False,False,False,topological,last,first,0.5809475318782892,0.046483023471297784,10,0.5809475318782892,0.014015158906870738,100
JointSheafParams,identity,False,False,False,topological,last,last,0.47268423500451834,0.027752496263229884,10,0.4726842350045184,0.009104698529876814,100
JointSheafParams,identity,False,False,False,topological,last,middle,0.47520481113931773,0.03140850899714466,8,0.4920597214146028,0.007185060002990015,190
JointSheafParams,identity,False,False,False,zero,epoch-0,first,0.0,0.0,10,0.0,0.0,100
JointSheafParams,identity,False,False,False,zero,epoch-0,last,3.6320100757623015,1.8106189129412673,10,3.6320100757623015,0.5470043204269075,100
JointSheafParams,identity,False,False,False,zero,epoch-0,middle,2.7601139852114978,1.583500103609479,8,2.749277047963352,0.3392628123228576,190
JointSheafParams,identity,False,False,False,zero,epoch-1,first,0.0,0.0,10,0.0,0.0,100
JointSheafParams,identity,False,False,False,zero,epoch-1,last,3.699691549325496,1.8084170163842326,10,3.6996915493254954,0.5468123216375061,100
JointSheafParams,identity,False,False,False,zero,epoch-1,middle,2.736629613680824,1.5527080057833027,8,2.7311811795854757,0.3327425976420997,190
JointSheafParams,identity,False,False,False,zero,epoch-15,first,0.0,0.0,10,0.0,0.0,100
JointSheafParams,identity,False,False,False,zero,epoch-15,last,3.966789658979972,2.0675634947864343,10,3.9667896589799714,0.6611879751671708,100
JointSheafParams,identity,False,False,False,zero,epoch-15,middle,2.654588941706087,1.4803156339775183,8,2.7262199264360643,0.32533614290038326,190
JointSheafParams,identity,False,False,False,zero,epoch-200,first,0.0,0.0,10,0.0,0.0,100
JointSheafParams,identity,False,False,False,zero,epoch-200,last,0.5744710198902575,0.2517520290324363,10,0.5744710198902575,0.09553309157974435,100
JointSheafParams,identity,False,False,False,zero,epoch-200,middle,0.5232668925447166,0.2110293322235836,8,0.6312599520838382,0.07025443840999321,190
JointSheafParams,identity,False,False,False,zero,epoch-5,first,0.0,0.0,10,0.0,0.0,100
JointSheafParams,identity,False,False,False,zero,epoch-5,last,4.010957760458574,1.9726236959322405,10,4.010957760458574,0.605517834445348,100
JointSheafParams,identity,False,False,False,zero,epoch-5,middle,2.717743504577427,1.5181063749802108,8,2.7496215356556695,0.3260664248544568,190
JointSheafParams,identity,False,False,False,zero,epoch-50,first,0.0,0.0,10,0.0,0.0,100
JointSheafParams,identity,False,False,False,zero,epoch-50,last,2.5445495257187583,1.4678911449061427,10,2.5445495257187587,0.5030874349379497,100
JointSheafParams,identity,False,False,False,zero,epoch-50,middle,1.8915276761357553,1.0267202954125663,8,2.014453859501397,0.22275695145894303,190
JointSheafParams,identity,False,False,False,zero,last,first,0.0,0.0,10,0.0,0.0,100
JointSheafParams,identity,False,False,False,zero,last,last,0.5849975318720658,0.3168469140393679,10,0.5849975318720658,0.11170268601526002,100
JointSheafParams,identity,False,False,False,zero,last,middle,0.5503502942673404,0.28387398718069784,8,0.5877145817654031,0.07478122184001659,190
JointSheafParams,identity,True,False,True,topological,epoch-0,first,8.822989735679733e-08,9.87035502998269e-09,9,8.979567138117228e-08,3.2343309611141148e-09,81
JointSheafParams,identity,True,False,True,topological,epoch-0,last,0.20098886624558973,0.07844260630547031,9,0.1902682677747601,0.025757701909295643,81
JointSheafParams,identity,True,False,True,topological,epoch-0,middle,0.12399585801092747,0.09781032921922907,7,0.12790964523888101,0.031811820029042294,64
JointSheafParams,identity,True,False,True,topological,epoch-1,first,8.822989735679733e-08,9.87035502998269e-09,9,8.979567138117228e-08,3.2343309611141148e-09,81
JointSheafParams,identity,True,False,True,topological,epoch-1,last,0.2112348757057272,0.07661421460595352,9,0.20078873492691396,0.02519296005634504,81
JointSheafParams,identity,True,False,True,topological,epoch-1,middle,0.13044141499817913,0.09668816993360849,7,0.13504897077178118,0.03142255939428452,64
JointSheafParams,identity,True,False,True,topological,epoch-15,first,8.822989735679733e-08,9.87035502998269e-09,9,8.979567138117228e-08,3.2343309611141148e-09,81
JointSheafParams,identity,True,False,True,topological,epoch-15,last,0.2670908426673982,0.06801880100334305,9,0.25957191254642403,0.022415476273573424,81
JointSheafParams,identity,True,False,True,topological,epoch-15,middle,0.18110054643868945,0.08982857565336551,7,0.19022524145682618,0.028900426840017743,64
JointSheafParams,identity,True,False,True,topological,epoch-200,first,8.822989735679733e-08,9.87035502998269e-09,9,8.970273566432329e-08,3.4001783772468414e-09,77
JointSheafParams,identity,True,False,True,topological,epoch-200,last,0.4210751900425957,0.03880576050725285,9,0.4225130009438743,0.015392098970769022,77
JointSheafParams,identity,True,False,True,topological,epoch-200,middle,0.2072688015163906,0.07640841309250557,7,0.21715077635508945,0.026722697777644248,60
JointSheafParams,identity,True,False,True,topological,epoch-5,first,8.822989735679733e-08,9.87035502998269e-09,9,8.979567138117228e-08,3.2343309611141148e-09,81
JointSheafParams,identity,True,False,True,topological,epoch-5,last,0.22606924756947436,0.07465428150206085,9,0.2164012706452872,0.024549830298104255,81
JointSheafParams,identity,True,False,True,topological,epoch-5,middle,0.14612596740263487,0.09435317368211568,7,0.15198573461546305,0.03059196840179039,64
JointSheafParams,identity,True,False,True,topological,epoch-50,first,8.822989735679733e-08,9.87035502998269e-09,9,8.984089121687973e-08,3.2746958628339394e-09,80
JointSheafParams,identity,True,False,True,topological,epoch-50,last,0.34612584647583117,0.05247868716970649,9,0.3471699895274022,0.018256837462017013,80
JointSheafParams,identity,True,False,True,topological,epoch-50,middle,0.20253387537516035,0.08419237770975412,7,0.21246610691757328,0.02770432947925524,63
JointSheafParams,identity,True,False,True,topological,last,first,8.822989735679733e-08,9.87035502998269e-09,9,8.995279945842595e-08,3.4358859980896696e-09,76
JointSheafParams,identity,True,False,True,topological,last,last,0.4223438147676363,0.03333521691526042,9,0.42858366210528326,0.015156884981561296,76
JointSheafParams,identity,True,False,True,topological,last,middle,0.23227090302233405,0.07591818273635048,7,0.23414978149309504,0.0265664155440966,58
JointSheafParams,identity,True,False,True,zero,epoch-0,first,0.22361726247411878,0.045423395131522375,9,0.20096594742512827,0.012802316825883162,81
JointSheafParams,identity,True,False,True,zero,epoch-0,last,0.14734246957548464,0.02882452039222703,9,0.15427205995851775,0.008970299954818418,81
JointSheafParams,identity,True,False,True,zero,epoch-0,middle,0.19507926609813192,0.04310116503482023,7,0.18342872868451632,0.014084789049488759,64
JointSheafParams,identity,True,False,True,zero,epoch-1,first,0.22361726247411878,0.045423395131522375,9,0.20096594742512827,0.012802316825883162,81
JointSheafParams,identity,True,False,True,zero,epoch-1,last,0.14891130305571607,0.027785417984052974,9,0.15525218551956943,0.008799124721863519,81
JointSheafParams,identity,True,False,True,zero,epoch-1,middle,0.19591341954654723,0.0435739605474223,7,0.18359563326090755,0.014095989227100368,64
JointSheafParams,identity,True,False,True,zero,epoch-15,first,0.22361726247411878,0.045423395131522375,9,0.20096594742512827,0.012802316825883162,81
JointSheafParams,identity,True,False,True,zero,epoch-15,last,0.09622450298551095,0.01831315388823329,9,0.09390260309703502,0.006449861956178288,81
JointSheafParams,identity,True,False,True,zero,epoch-15,middle,0.16881604118161733,0.04247648924050138,7,0.1540290771079482,0.012683257776450537,64
JointSheafParams,identity,True,False,True,zero,epoch-200,first,0.22361726247411878,0.045423395131522375,9,0.1966552755128164,0.013085542377572354,77
JointSheafParams,identity,True,False,True,zero,epoch-200,last,0.04506804417514523,0.00962598267377905,9,0.045092110932271674,0.004633377615338292,77
JointSheafParams,identity,True,False,True,zero,epoch-200,middle,0.1366973841736216,0.02646633778901036,7,0.12626920017719587,0.008973878423847942,60
JointSheafParams,identity,True,False,True,zero,epoch-5,first,0.22361726247411878,0.045423395131522375,9,0.20096594742512827,0.012802316825883162,81
JointSheafParams,identity,True,False,True,zero,epoch-5,last,0.13648985488282467,0.02374776029474038,9,0.13811061352844495,0.00797616028764739,81
JointSheafParams,identity,True,False,True,zero,epoch-5,middle,0.19428061879995456,0.0448377877649338,7,0.180234858706201,0.013975398367695277,64
JointSheafParams,identity,True,False,True,zero,epoch-50,first,0.22361726247411878,0.045423395131522375,9,0.19882742342839357,0.01278122066300624,80
JointSheafParams,identity,True,False,True,zero,epoch-50,last,0.051274049227283236,0.008340829774626511,9,0.04858894437830148,0.0032666575275841023,80
JointSheafParams,identity,True,False,True,zero,epoch-50,middle,0.14403263225597346,0.03588654437383585,7,0.12987178680056807,0.01082976206438534,63
JointSheafParams,identity,True,False,True,zero,last,first,0.22361726247411878,0.045423395131522375,9,0.19340973186936192,0.012844576372707103,76
JointSheafParams,identity,True,False,True,zero,last,last,0.041410200036707395,0.010305295108879092,9,0.0429085700233338,0.004827525769053056,76
JointSheafParams,identity,True,False,True,zero,last,middle,0.1264595296943239,0.022670904424392447,7,0.1191990055776982,0.008161492708190816,58
