combo,budget,strategy,label,n_datasets,n_folds_total,drop_mean,drop_se,total_se
gating (hard),0.01,high,High conviction,8,80,0.809391695826075,0.2861274552568985,0.10475933863878162
gating (hard),0.01,low,Low conviction,8,80,0.04694738459957672,0.0263978833379243,0.01202417854535125
gating (hard),0.01,deg_high,High degree,8,80,0.6521332752970281,0.19533621846730434,0.07706328297890443
gating (hard),0.01,deg_low,Low degree,8,80,0.045901540783017315,0.024657425988327937,0.01169074459891921
gating (hard),0.01,deg_matched_high,Degree-matched (high),8,80,0.12317679195110748,0.05472325965253815,0.03098081637363718
gating (hard),0.01,deg_matched_low,Degree-matched (low),8,80,0.06118819219907862,0.031652333564857776,0.013621581268635722
gating (hard),0.01,conf_high,High confidence,8,80,0.23501609345906518,0.07737105795700319,0.042632643222593775
gating (hard),0.01,conf_low,Low confidence,8,80,0.08727408038516175,0.05475894859510148,0.024049257222191887
gating (hard),0.01,random,Random,8,80,0.08554264772660669,0.03766012161217937,0.018688901634398486
gating (hard),0.05,high,High conviction,8,80,1.8004436959866001,0.40517089961809655,0.1534374005917667
gating (hard),0.05,low,Low conviction,8,80,0.10509705323893176,0.04343996857163496,0.0263335031990487
gating (hard),0.05,deg_high,High degree,8,80,1.3679011263715717,0.3722002301033703,0.12924794474252027
gating (hard),0.05,deg_low,Low degree,8,80,0.255113551623982,0.1202407824446497,0.042188601021019304
gating (hard),0.05,deg_matched_high,Degree-matched (high),8,80,0.37156428320797535,0.1877421539376791,0.06910636390421854
gating (hard),0.05,deg_matched_low,Degree-matched (low),8,80,0.31302905851430396,0.176123399653951,0.0599030094301953
gating (hard),0.05,conf_high,High confidence,8,80,0.7453488338409808,0.20370502463869372,0.0796657947813518
gating (hard),0.05,conf_low,Low confidence,8,80,0.3467458553093495,0.1653360549094906,0.06081957064986058
gating (hard),0.05,random,Random,8,80,0.34367568159875816,0.16900164923358824,0.05971041738377651
gating (hard),0.1,high,High conviction,8,80,2.7653704240213344,0.6629671244722053,0.2308682964743258
gating (hard),0.1,low,Low conviction,8,80,0.18106458163165412,0.08792361304629522,0.041058674886670324
gating (hard),0.1,deg_high,High degree,8,80,1.9113799618229559,0.4529258948650703,0.16216606622730695
gating (hard),0.1,deg_low,Low degree,8,80,0.5790613001972976,0.26760031193498035,0.08707290951639007
gating (hard),0.1,deg_matched_high,Degree-matched (high),8,80,0.6805388232138551,0.3523819259505481,0.1197752829887608
gating (hard),0.1,deg_matched_low,Degree-matched (low),8,80,0.6166589395528508,0.3771613112810014,0.11838328555555443
gating (hard),0.1,conf_high,High confidence,8,80,1.223343824435635,0.294012244144556,0.11286216212548195
gating (hard),0.1,conf_low,Low confidence,8,80,0.6268795511554641,0.2945699061792302,0.10586698495520487
gating (hard),0.1,random,Random,8,80,0.6328589891701134,0.3363566397246757,0.12070055615401779
gating (hard),0.2,high,High conviction,8,80,4.319365868345812,1.2722581112170475,0.40746294449873854
gating (hard),0.2,low,Low conviction,8,80,0.4277944894086958,0.2213791565646018,0.08903984530366796
gating (hard),0.2,deg_high,High degree,8,80,2.8263241000711066,0.7311408008954449,0.2521809930835979
gating (hard),0.2,deg_low,Low degree,8,80,1.1962052382370028,0.5867555211250338,0.1843056813267405
gating (hard),0.2,deg_matched_high,Degree-matched (high),8,80,1.01905120677599,0.5994312073315045,0.1924521457221577
gating (hard),0.2,deg_matched_low,Degree-matched (low),8,80,1.5251343782727653,0.8390571767482532,0.25936196443858245
gating (hard),0.2,conf_high,High confidence,8,80,2.275598512911918,0.5887916140667789,0.20576655175053332
gating (hard),0.2,conf_low,Low confidence,8,80,1.286386808382329,0.5967100729388708,0.19568154398377877
gating (hard),0.2,random,Random,8,80,1.4621357654976008,0.6928010648772722,0.22390635750018295
gating (hard),0.3,high,High conviction,8,80,5.666378599531532,1.8928256580421141,0.5917768855782826
gating (hard),0.3,low,Low conviction,8,80,0.7058974800561945,0.44648433633990436,0.16436477600098137
gating (hard),0.3,deg_high,High degree,8,80,3.668012171755919,1.0356958875178002,0.3454728708940087
gating (hard),0.3,deg_low,Low degree,8,80,1.9071623894017753,0.9770188614780315,0.301672317018753
gating (hard),0.3,deg_matched_high,Degree-matched (high),8,80,1.4391303001756537,0.8588921797488709,0.2762747763753275
gating (hard),0.3,deg_matched_low,Degree-matched (low),8,80,2.707517210666098,1.3581391838114696,0.4134898446824656
gating (hard),0.3,conf_high,High confidence,8,80,3.268149245945552,0.9787757230867291,0.3178463167387406
gating (hard),0.3,conf_low,Low confidence,8,80,2.0304675673966517,0.9544726598286689,0.30191952900771857
gating (hard),0.3,random,Random,8,80,2.212763774380381,1.0312758675785438,0.3213172516653795
masking (mean),0.01,high,High conviction,8,80,0.49858467673366397,0.15764037003082046,0.07153572422978377
masking (mean),0.01,low,Low conviction,8,80,0.013818948964320437,0.017147562173351557,0.013184011947132274
masking (mean),0.01,deg_high,High degree,8,80,0.3771768148507871,0.1564665007825299,0.06968929455752448
masking (mean),0.01,deg_low,Low degree,8,80,0.03179264589686296,0.01847593901972545,0.01030650464241155
masking (mean),0.01,deg_matched_high,Degree-matched (high),8,80,0.08861659640625136,0.07314687705243265,0.037244735295416415
masking (mean),0.01,deg_matched_low,Degree-matched (low),8,80,0.06116086660726187,0.03585807591594147,0.014286046108220164
masking (mean),0.01,conf_high,High confidence,8,80,0.15279945749653967,0.07441160438474313,0.036183671236009275
masking (mean),0.01,conf_low,Low confidence,8,80,0.06248382314249966,0.043946728012424364,0.024751224234332035
masking (mean),0.01,random,Random,8,80,0.07695110006701936,0.03682665946626187,0.017497726865239507
masking (mean),0.05,high,High conviction,8,80,1.3373780592960232,0.3882597645362179,0.13951176159830808
masking (mean),0.05,low,Low conviction,8,80,0.07695439380930286,0.04964173490227463,0.02682162977136834
masking (mean),0.05,deg_high,High degree,8,80,0.9379047925523805,0.38020156411847145,0.1289980612056386
masking (mean),0.05,deg_low,Low degree,8,80,0.18273513941858077,0.10563874220733953,0.03770302222158127
masking (mean),0.05,deg_matched_high,Degree-matched (high),8,80,0.2965285461053563,0.21374639845601423,0.07513156888786238
masking (mean),0.05,deg_matched_low,Degree-matched (low),8,80,0.2553763247270072,0.14725573554233914,0.0530295559382065
masking (mean),0.05,conf_high,High confidence,8,80,0.5125028300705625,0.15797716644513488,0.06943962443164864
masking (mean),0.05,conf_low,Low confidence,8,80,0.29912170270891203,0.15039522063138278,0.0632087869903944
masking (mean),0.05,random,Random,8,80,0.250006827400199,0.15890253705229995,0.056983571897025964
masking (mean),0.1,high,High conviction,8,80,2.1945154507667617,0.7228557411500047,0.23826644729408678
masking (mean),0.1,low,Low conviction,8,80,0.1430951889375741,0.09608229761991018,0.04604909454471137
masking (mean),0.1,deg_high,High degree,8,80,1.345413829524427,0.5869246590547592,0.19270408580636825
masking (mean),0.1,deg_low,Low degree,8,80,0.41180624151699474,0.22450022832096053,0.07518668936194696
masking (mean),0.1,deg_matched_high,Degree-matched (high),8,80,0.5248075028994799,0.3692736863535024,0.12788118265907997
masking (mean),0.1,deg_matched_low,Degree-matched (low),8,80,0.49589853532410644,0.3010189350237028,0.10004943554219964
masking (mean),0.1,conf_high,High confidence,8,80,0.8606082564082687,0.23843262945948146,0.09659090464583373
masking (mean),0.1,conf_low,Low confidence,8,80,0.612181832657549,0.28275762983046393,0.10653059603568407
masking (mean),0.1,random,Random,8,80,0.4633430120497709,0.3172644105426531,0.11515930245151866
masking (mean),0.2,high,High conviction,8,80,3.6085627590906433,1.2963169925476123,0.4042663677813663
masking (mean),0.2,low,Low conviction,8,80,0.3626152897859981,0.17061274696007242,0.07077775136674372
masking (mean),0.2,deg_high,High degree,8,80,2.132145837255048,0.9362857401587743,0.3100564664368147
masking (mean),0.2,deg_low,Low degree,8,80,0.882822448233778,0.48419265199423656,0.15140086146077994
masking (mean),0.2,deg_matched_high,Degree-matched (high),8,80,0.7731192127624019,0.6293517793580753,0.2135329714439231
masking (mean),0.2,deg_matched_low,Degree-matched (low),8,80,1.2817846177704808,0.6894788505633943,0.21777959028785604
masking (mean),0.2,conf_high,High confidence,8,80,1.5707053817475596,0.47564226325816733,0.16743921684013424
masking (mean),0.2,conf_low,Low confidence,8,80,1.2932473180517465,0.5845193464799194,0.1937094030940774
masking (mean),0.2,random,Random,8,80,1.1834549162238606,0.60283246145948,0.19641544763446425
masking (mean),0.3,high,High conviction,8,80,4.663165015604746,1.8464815636227163,0.5688915626659835
masking (mean),0.3,low,Low conviction,8,80,0.5687562838512482,0.37579866978203535,0.14796978295098998
masking (mean),0.3,deg_high,High degree,8,80,2.9064195777566235,1.1694121752677205,0.38057213709114895
masking (mean),0.3,deg_low,Low degree,8,80,1.4331088181764695,0.7989188453115996,0.2459928370302156
masking (mean),0.3,deg_matched_high,Degree-matched (high),8,80,1.211542390704009,0.7090201780789501,0.2500662454304986
masking (mean),0.3,deg_matched_low,Degree-matched (low),8,80,2.2254890027377865,1.121508244103065,0.3465322843281797
masking (mean),0.3,conf_high,High confidence,8,80,2.252372125114378,0.7831033970838132,0.2562710999392561
masking (mean),0.3,conf_low,Low confidence,8,80,1.9942629987987073,0.942128051328193,0.2979289647869975
masking (mean),0.3,random,Random,8,80,1.8879887551089543,0.9416333893810079,0.30284724274840075
masking (zero),0.01,high,High conviction,8,80,0.5087218561366512,0.17290996516664983,0.07653803124203923
masking (zero),0.01,low,Low conviction,8,80,0.02122959497814008,0.014856380468020992,0.013384836575382461
masking (zero),0.01,deg_high,High degree,8,80,0.3703303726740446,0.16147286707927536,0.07287868529545709
masking (zero),0.01,deg_low,Low degree,8,80,0.03283830562988865,0.020328337503621816,0.01149469884321258
masking (zero),0.01,deg_matched_high,Degree-matched (high),8,80,0.057832445815047186,0.06775735561470826,0.03440011540720549
masking (zero),0.01,deg_matched_low,Degree-matched (low),8,80,0.05145468624195801,0.030790524300872025,0.012168043000079976
masking (zero),0.01,conf_high,High confidence,8,80,0.15130896299370494,0.07068717960607976,0.03726385896537964
masking (zero),0.01,conf_low,Low confidence,8,80,0.043089909727337686,0.03148917306498629,0.022749920910109647
masking (zero),0.01,random,Random,8,80,0.06889199174361338,0.03666744861740956,0.017341595098239675
masking (zero),0.05,high,High conviction,8,80,1.338537044210502,0.3946955082477107,0.14328028562518674
masking (zero),0.05,low,Low conviction,8,80,0.04439991126491425,0.03696477680747423,0.028476048757207103
masking (zero),0.05,deg_high,High degree,8,80,0.7529501116391513,0.28196561378347734,0.10849570595564145
masking (zero),0.05,deg_low,Low degree,8,80,0.1898698723571724,0.09824901445039089,0.037161188464546545
masking (zero),0.05,deg_matched_high,Degree-matched (high),8,80,0.19612172060309674,0.17243910994557932,0.06687907578400355
masking (zero),0.05,deg_matched_low,Degree-matched (low),8,80,0.26196041862896086,0.15126974436187202,0.052630317336660966
masking (zero),0.05,conf_high,High confidence,8,80,0.5541316235475928,0.16049217905416857,0.07316708288505246
masking (zero),0.05,conf_low,Low confidence,8,80,0.17476004068520495,0.11699165942238328,0.05803601462743593
masking (zero),0.05,random,Random,8,80,0.2117543089319191,0.14582482748487421,0.05165906846400444
masking (zero),0.1,high,High conviction,8,80,2.1792886079025555,0.7000957307144473,0.2350638184032336
masking (zero),0.1,low,Low conviction,8,80,0.06924511104869885,0.06781294489959089,0.0409945442645647
masking (zero),0.1,deg_high,High degree,8,80,1.0560699390107142,0.39573595124783245,0.1497976742293112
masking (zero),0.1,deg_low,Low degree,8,80,0.3836975578572921,0.20722728065870405,0.07100165360534577
masking (zero),0.1,deg_matched_high,Degree-matched (high),8,80,0.381389155103263,0.32350731518832226,0.11573629600954856
masking (zero),0.1,deg_matched_low,Degree-matched (low),8,80,0.46742812436132014,0.29688058765893316,0.10093078923393141
masking (zero),0.1,conf_high,High confidence,8,80,0.9187051282874855,0.27592284493513525,0.1057700506025801
masking (zero),0.1,conf_low,Low confidence,8,80,0.34927054504050814,0.21056601345943124,0.09138310095708034
masking (zero),0.1,random,Random,8,80,0.4321390338501155,0.29082272977356405,0.10930148439309721
masking (zero),0.2,high,High conviction,8,80,3.5255728596455835,1.2609818212105188,0.39499581336831996
masking (zero),0.2,low,Low conviction,8,80,0.19859381680726185,0.1434950465098475,0.0679543771186977
masking (zero),0.2,deg_high,High degree,8,80,1.7622999179947656,0.684915863047265,0.24815910343166248
masking (zero),0.2,deg_low,Low degree,8,80,0.8486060393594157,0.4431794457105108,0.1417404155005029
masking (zero),0.2,deg_matched_high,Degree-matched (high),8,80,0.565425561292475,0.5124240727357154,0.1793879878637299
masking (zero),0.2,deg_matched_low,Degree-matched (low),8,80,1.2587689146427194,0.6726292889203139,0.21226392494702873
masking (zero),0.2,conf_high,High confidence,8,80,1.6635487741324895,0.5380757071136323,0.18114813177366484
masking (zero),0.2,conf_low,Low confidence,8,80,0.7963190936971685,0.4268909779793703,0.15012634413381987
masking (zero),0.2,random,Random,8,80,1.0372862804121088,0.5510919383890623,0.1835883638974505
masking (zero),0.3,high,High conviction,8,80,4.549625844013556,1.827087173682478,0.5614791400306735
masking (zero),0.3,low,Low conviction,8,80,0.39264599312420395,0.3195352143000892,0.1393827547491078
masking (zero),0.3,deg_high,High degree,8,80,2.4583868332484595,0.9789100823581609,0.33521299967636503
masking (zero),0.3,deg_low,Low degree,8,80,1.3515332773852977,0.7431440601906179,0.2313958716596966
masking (zero),0.3,deg_matched_high,Degree-matched (high),8,80,0.9338614840658316,0.6171239672792581,0.21721922189154005
masking (zero),0.3,deg_matched_low,Degree-matched (low),8,80,2.190250988839791,1.1283770341851036,0.3472297981740098
masking (zero),0.3,conf_high,High confidence,8,80,2.4954253555633175,0.8910483492672391,0.28422526036363405
masking (zero),0.3,conf_low,Low confidence,8,80,1.321031681869029,0.6874385091547118,0.22697828669746156
masking (zero),0.3,random,Random,8,80,1.6922110821126726,0.8930491280412731,0.29165500778901143
pruning,0.01,high,High conviction,8,80,1.6527892236952209,0.9620503786528094,0.3226057295755798
pruning,0.01,low,Low conviction,8,80,0.00975100295559787,0.014530908263198037,0.010108890860780845
pruning,0.01,deg_high,High degree,8,80,1.3566397102743626,0.7657894027377968,0.2760381572776868
pruning,0.01,deg_low,Low degree,8,80,0.042601712189220015,0.026590450389864826,0.01180544401379567
pruning,0.01,deg_matched_high,Degree-matched (high),8,80,0.20461387091722605,0.05444576420913139,0.032246516797371894
pruning,0.01,deg_matched_low,Degree-matched (low),8,80,0.06625946386126204,0.03971349475743461,0.014153135785411448
pruning,0.01,conf_high,High confidence,8,80,0.3283192326692206,0.127238845055483,0.06865832827692579
pruning,0.01,conf_low,Low confidence,8,80,0.1430252265618372,0.09262208322897625,0.03642712105774102
pruning,0.01,random,Random,8,80,0.10536702904271567,0.03566043355277731,0.02082697075911636
pruning,0.05,high,High conviction,8,80,2.946654140912073,1.0979606894920042,0.37705318146593136
pruning,0.05,low,Low conviction,8,80,0.07047799495770578,0.053941362696434306,0.026276079715624196
pruning,0.05,deg_high,High degree,8,80,2.683640223928824,1.1605892948131196,0.4010038143363207
pruning,0.05,deg_low,Low degree,8,80,0.237810676972334,0.1376222850230497,0.045044312846317845
pruning,0.05,deg_matched_high,Degree-matched (high),8,80,0.5222468599462536,0.214587412958802,0.07793543752758177
pruning,0.05,deg_matched_low,Degree-matched (low),8,80,0.37243716919215997,0.20198566933046117,0.06757762372412895
pruning,0.05,conf_high,High confidence,8,80,0.8687475151644768,0.2165131242950079,0.09920799186215687
pruning,0.05,conf_low,Low confidence,8,80,0.4830572445346943,0.2106542887630964,0.08537314655197638
pruning,0.05,random,Random,8,80,0.42952938455056733,0.19691195534180037,0.0708426606663278
pruning,0.1,high,High conviction,8,80,4.023322132434477,1.1552619554261796,0.40008449090591486
pruning,0.1,low,Low conviction,8,80,0.15784032852213625,0.10746553693672864,0.0449430958018897
pruning,0.1,deg_high,High degree,8,80,3.482525839208963,1.2434229408486994,0.43363581745132707
pruning,0.1,deg_low,Low degree,8,80,0.5445557148699992,0.30177626414350034,0.09500170796662766
pruning,0.1,deg_matched_high,Degree-matched (high),8,80,0.8871299850552634,0.41110461974061574,0.13332644624729373
pruning,0.1,deg_matched_low,Degree-matched (low),8,80,0.6739493156771097,0.41493583285972074,0.12990859810222047
pruning,0.1,conf_high,High confidence,8,80,1.3682085216965598,0.3343237840708851,0.14076478074744705
pruning,0.1,conf_low,Low confidence,8,80,0.9039349034407269,0.36497225198462513,0.14215174361049268
pruning,0.1,random,Random,8,80,0.782366746856066,0.37985770990926393,0.12924558113390414
pruning,0.2,high,High conviction,8,80,5.643209688328286,1.4885861889627452,0.49288677404507847
pruning,0.2,low,Low conviction,8,80,0.42038745295380275,0.2816512564673176,0.1014992078224362
pruning,0.2,deg_high,High degree,8,80,4.821683671502541,1.377441288292284,0.47937273703836764
pruning,0.2,deg_low,Low degree,8,80,1.1346477914703412,0.6712958860852584,0.2068761814184678
pruning,0.2,deg_matched_high,Degree-matched (high),8,80,1.2875062627614722,0.7580924180779015,0.23577767748814413
pruning,0.2,deg_matched_low,Degree-matched (low),8,80,1.721513434136999,0.9620640620801382,0.2968087728441758
pruning,0.2,conf_high,High confidence,8,80,2.4894969607871986,0.6378046306594563,0.22327069815918202
pruning,0.2,conf_low,Low confidence,8,80,1.8975219274570372,0.7496451422254173,0.253937407561461
pruning,0.2,random,Random,8,80,1.685274555072164,0.8300774358626615,0.2646286149095611
pruning,0.3,high,High conviction,8,80,7.079406353171745,2.0430872311835024,0.6501742158141822
pruning,0.3,low,Low conviction,8,80,0.8141769253824402,0.5683379730573237,0.1866735150715929
pruning,0.3,deg_high,High degree,8,80,5.769829002063577,1.5739127475289598,0.5330012864797588
pruning,0.3,deg_low,Low degree,8,80,1.8835114451872879,1.095500697559748,0.3338023473023571
pruning,0.3,deg_matched_high,Degree-matched (high),8,80,1.7252699001734195,1.0856402443128077,0.33835199099074026
pruning,0.3,deg_matched_low,Degree-matched (low),8,80,2.917741856941766,1.5240381230871518,0.46245453655481555
pruning,0.3,conf_high,High confidence,8,80,3.518786339486349,1.0436307595273886,0.34074028003217943
pruning,0.3,conf_low,Low confidence,8,80,2.970505804812669,1.2312780027242853,0.3992988790020488
pruning,0.3,random,Random,8,80,2.7864512652278206,1.2416848796713138,0.38656171770981695
